name,line,category
access_control_buggy_19.sol,"58-60, 69-72, 89-92, 98-102, 107-110, 116-119, 132-135, 144-147, 158-161, 167-170, 176-179, 185-187, 193-195, 201-204, 210-212, 218-221, 227-230, 236-239, 245-248, 254-256, 262-265, 271-273, 279-282, 288-290, 296-299, 305-308, 314-317, 323-326",access_control
access_control_buggy_18.sol,"62-64, 66-69, 71-74, 76-79, 81-84, 86-89, 89-91, 94-97, 111-114, 127-130, 136-139, 149-152, 160-163, 197-200, 202-205, 207-210, 212-214, 216-218, 220-223, 223-226, 231-234, 262-265, 291-294, 316-319, 352-355, 361-364, 370-373, 378-380, 389-391, 398-401, 409-411, 420-423, 432-435, 459-462, 478-481, 504-506, 516-519, 533-535, 544-547, 556-558",access_control
access_control_buggy_9.sol,"55-58, 64-66, 78-81, 83-86, 88-91, 94-97, 99-102, 106-109, 111-113, 117-120, 124-127, 131-134, 168-171, 179-181, 191-194, 205-208, 219-222, 237-240, 255-257, 272-275, 290-292, 309-312, 327-329, 339-342",access_control
access_control_buggy_42.sol,"8-12, 14-17, 20-23, 29-31, 41-44, 82-84, 86-89, 91-94, 98-101, 103-106, 108-111, 113-116, 119-122, 124-127, 129-132, 134-137, 145-147, 156-159, 168-171, 183-185, 190-193, 198-200, 206-209, 214-216, 223-226",access_control
access_control_buggy_43.sol,"10-13, 21-24, 31-34, 36-38, 41-44, 55-58, 65-68, 76-79, 86-89, 96-99, 106-109, 114-117, 122-124, 129-131, 169-172, 196-198, 233-236, 239-242, 251-254, 261-264, 272-275, 297-300, 305-308, 313-315, 326-329, 357-360, 371-373, 382-385, 394-396",access_control
access_control_buggy_32.sol,"49-51, 53-56, 58-61, 63-66, 68-71, 81-84, 86-89, 91-94, 104-106, 119-122, 137-139, 151-154, 164-166, 171-174, 176-179, 188-191, 193-195, 197-199, 201-204, 213-216, 224-227",access_control
access_control_buggy_30.sol,"340-343, 357-360, 374-377, 383-385, 400-402, 409-412, 418-421, 429-431, 449-452, 475-478, 501-504, 527-530, 548-550, 561-564, 582-585, 606-609, 639-642, 644-646, 654-657, 667-670, 675-678, 683-686, 692-695, 701-704, 710-713, 715-718, 726-729, 739-741, 746-748, 753-756, 762-764, 770-773, 778-781, 785-788, 797-800, 806-809, 828-831, 838-840, 853-856, 862-864",access_control
access_control_buggy_36.sol,"9-11, 17-20, 30-33, 38-41, 43-45, 53-56, 61-64, 70-73, 75-78, 80-83, 85-88, 90-93, 95-98, 100-102, 177-180, 182-185, 187-189, 191-194, 196-199, 201-204, 206-209, 212-214, 217-220, 222-224, 226-229, 231-234, 236-239, 241-244, 286-288, 305-308, 334-336, 374-377, 400-403, 430-433, 461-464, 519-521",access_control
access_control_buggy_44.sol,"10-12, 20-23, 30-33, 35-38, 41-44, 54-57, 64-67, 75-78, 85-88, 95-98, 105-108, 113-116, 121-124, 129-132, 140-143, 145-148, 157-159, 165-167, 205-208, 232-234, 270-272, 294-297, 302-305, 310-313, 325-328, 362-365, 376-378, 387-390, 399-401, 410-413",access_control
access_control_buggy_50.sol,"10-14, 17-20, 23-26, 29-32, 41-44, 47-50, 53-56, 59-62, 79-82, 95-98, 106-108, 114-116, 124-127, 133-135, 141-144, 150-153, 160-163, 170-173, 183-185, 191-194, 200-202, 213-216, 236-238, 257-260, 266-269",access_control
access_control_buggy_8.sol,"8-11, 14-16, 27-30, 49-52, 58-61, 63-66, 68-70, 73-76, 80-83, 85-88, 92-95, 99-102, 106-109, 127-130, 152-155, 169-171, 188-190, 206-209, 229-231, 250-253, 262-265, 267-270, 273-276, 280-283, 292-295, 308-311, 322-325, 334-336, 345-348, 355-357, 367-370",access_control
access_control_buggy_24.sol,"230-233, 235-238, 240-243, 245-247, 249-251, 253-256, 258-261, 263-265, 268-271, 273-276, 278-281, 283-286, 288-290, 310-313, 324-327, 352-355, 366-369, 374-377, 391-394, 423-426, 459-462, 477-480, 490-493, 503-505, 515-517, 577-580, 602-604, 628-631, 641-644, 654-657, 668-671, 690-692, 698-701, 723-725, 747-750, 772-774, 826-829, 837-840, 878-881, 893-896",access_control
access_control_buggy_21.sol,"5-7, 9-11, 13-16, 18-20, 57-60, 63-66, 69-72, 75-78, 81-84, 114-117, 120-123, 126-129, 132-135, 138-141, 144-147, 150-153, 166-169, 178-181, 189-192, 204-206, 229-232, 251-253, 266-269, 417-419, 433-436, 442-445, 450-453",access_control
access_control_buggy_12.sol,"98-101, 103-106, 108-110, 112-115, 117-120, 122-129, 131-134, 141-144, 149-152, 154-157, 159-166, 175-177, 205-208, 236-239, 244-247, 255-257, 265-267, 277-280, 282-285, 287-289, 295-298, 301-304, 312-314, 321-324, 330-332, 337-340, 345-348, 354-357, 362-365, 370-372, 376-379, 385-387, 401-404, 409-411, 419-422",access_control
access_control_buggy_7.sol,"9-12, 14-17, 19-22, 25-27, 29-32, 34-36, 38-41, 52-55, 61-65, 70-73, 97-100, 106-109, 115-118, 124-127, 133-136, 142-145, 151-153, 161-163, 171-174, 181-183, 190-193, 198-200, 202-205, 208-211, 213-216, 218-221, 228-231, 237-240, 251-254, 269-271, 282-285",access_control
access_control_buggy_28.sol,"54-57, 59-61, 63-66, 74-77, 82-85, 90-92, 97-99, 105-108, 110-113, 116-119, 121-124, 126-129, 131-134, 136-139, 145-148, 153-155, 160-163, 168-171, 178-181, 199-202, 209-211, 219-222, 244-246, 254-257, 265-267, 274-277, 282-285, 294-297, 304-307",access_control
access_control_buggy_3.sol,"8-11, 13-16, 18-21, 24-27, 29-32, 34-37, 39-42, 44-46, 49-51, 53-56, 60-62, 85-88, 110-113, 138-141, 150-153, 161-163, 168-171, 182-184, 191-194, 202-204, 210-213",access_control
access_control_buggy_11.sol,"29-32, 34-37, 39-42, 44-47, 49-52, 54-57, 59-62, 64-67, 74-76, 81-84, 86-89, 92-95, 101-103, 113-116, 123-125, 132-135, 137-139, 141-144, 146-149, 153-156, 158-161, 177-180, 189-192, 201-204, 218-221, 237-239, 258-261, 271-273, 287-290, 299-301, 310-313",access_control
access_control_buggy_5.sol,"8-11, 14-16, 27-30, 49-52, 58-61, 63-66, 68-70, 73-76, 80-83, 85-88, 92-95, 99-102, 106-109, 127-130, 152-155, 169-171, 188-190, 206-209, 229-231, 250-253, 262-265, 267-270, 273-276, 280-283, 292-295, 308-311, 322-325, 334-336, 345-348, 355-357, 367-370",access_control
access_control_buggy_40.sol,"216-219, 222-225, 228-231, 240-243, 251-253, 267-269, 277-280, 293-295, 314-317, 335-338, 358-361, 385-388, 406-408, 428-431, 453-455, 467-470, 477-480, 482-485, 487-490, 503-505, 513-516, 525-528, 545-548, 555-558",access_control
access_control_buggy_34.sol,"9-11, 14-17, 23-27, 37-40, 139-142, 145-148, 151-153, 155-158, 162-165, 167-170, 172-175, 178-180, 182-185, 187-190, 207-210, 221-224, 255-258, 267-270, 279-282, 299-302, 315-318, 325-328, 350-352, 362-364, 372-375, 381-383, 397-400, 408-411, 420-423, 436-439, 458-460, 478-481, 501-503, 541-544, 566-568, 580-583",access_control
access_control_buggy_1.sol,"22-25, 32-35, 43-46, 53-56, 62-64, 67-70, 72-75, 81-84, 86-88, 96-98, 100-103, 105-107, 117-120, 129-131, 144-147, 152-154, 161-164, 169-172",access_control
access_control_buggy_20.sol,"32-35, 38-40, 46-49, 60-63, 73-76, 79-82, 95-98, 131-134, 144-147, 171-174, 176-178, 180-183, 185-188, 196-199, 201-204, 206-209, 229-232, 235-238, 242-244, 249-251, 261-264, 273-275, 294-297, 313-316, 325-328, 364-368, 382-385, 390-392, 401-404, 412-414, 425-428",access_control
access_control_buggy_37.sol,"30-33, 38-41, 46-49, 54-57, 67-70, 72-75, 77-80, 82-85, 87-90, 92-95, 97-100, 102-105, 117-119, 127-130, 132-135, 138-141, 147-149, 159-162, 169-171, 180-182, 184-187, 189-192, 194-197, 200-203, 205-207, 222-225, 234-237, 246-249, 263-266, 282-284, 303-306, 316-318, 332-335, 344-346, 355-358",access_control
access_control_buggy_29.sol,"17-20, 25-28, 30-33, 155-158, 163-166, 171-173, 178-180, 185-188, 193-195, 247-250, 252-255, 257-260, 286-289, 321-323, 339-342, 353-355, 362-365, 372-374, 382-385",access_control
access_control_buggy_13.sol,"13-15, 17-19, 21-24, 27-29, 33-36, 38-41, 45-48, 52-55, 59-62, 80-83, 105-108, 122-124, 141-144, 160-162, 182-185, 201-203, 222-225",access_control
access_control_buggy_35.sol,"136-139, 141-143, 147-149, 155-158, 169-172, 181-184, 198-201, 203-206, 208-211, 214-217, 219-221, 223-226, 229-232, 234-236, 238-241, 243-246, 248-251, 253-256, 264-267, 280-283, 293-296, 308-311, 317-320, 326-329, 342-344, 350-352, 361-364, 373-375, 385-388, 393-396, 403-406, 432-435, 445-447, 467-470",access_control
access_control_buggy_14.sol,"72-75, 77-80, 85-88, 90-93, 100-102, 107-110, 116-118, 125-128, 134-137, 142-145, 150-153, 161-163, 173-176, 185-187, 196-199, 205-208, 216-218, 226-229, 237-240, 248-251, 255-257, 267-270",access_control
access_control_buggy_23.sol,"120-123, 126-129, 132-135, 144-147, 157-160, 171-174, 185-187, 202-204, 219-222, 238-240, 256-259, 274-277, 293-296, 311-314, 329-331, 345-348, 368-370, 380-383, 398-401, 403-406, 408-411, 419-421, 429-432, 440-443, 451-454, 468-471",access_control
access_control_buggy_10.sol,"8-11, 13-15, 23-26, 28-31, 41-44, 53-55, 61-64, 69-72",access_control
access_control_buggy_39.sol,"8-11, 14-17, 19-21, 23-26, 30-33, 40-43, 52-54, 56-59, 62-64, 75-78, 93-96",access_control
access_control_buggy_33.sol,"8-12, 14-17, 20-23, 29-31, 41-44, 82-84, 86-89, 91-94, 98-101, 103-106, 108-111, 113-116, 119-122, 124-127, 129-132, 134-137, 145-147, 156-159, 169-172, 184-186, 191-194, 199-201, 207-210, 215-217, 224-227",access_control
access_control_buggy_41.sol,"17-19, 21-23, 25-28, 31-33, 37-40, 42-45, 49-52, 56-59, 63-66, 84-87, 109-112, 126-128, 145-148, 164-166, 186-189, 205-207, 226-229",access_control
access_control_buggy_6.sol,"9-12, 14-17, 19-21, 24-26, 28-31, 33-35, 37-40, 51-54, 60-63, 69-72, 96-99, 105-108, 114-117, 123-126, 132-135, 141-144, 150-152, 160-162, 170-173, 180-182, 189-192, 197-200, 203-206, 208-211, 213-216, 223-226, 232-235, 245-248, 262-264, 274-277",access_control
access_control_buggy_48.sol,"48-51, 53-56, 58-61, 63-66, 68-71, 73-76, 78-81, 83-86, 98-101, 109-112, 114-117, 120-123, 129-131, 141-143, 150-153, 164-167, 169-172, 174-176, 178-181, 184-187, 189-192, 207-209, 218-221, 230-233, 247-250, 258-261, 273-275, 291-294, 313-315, 325-328, 342-344, 353-356",access_control
access_control_buggy_22.sol,"9-11, 17-20, 30-33, 38-41, 43-45, 53-56, 61-64, 70-73, 75-78, 80-83, 85-88, 90-93, 95-98, 100-102, 177-180, 182-185, 187-189, 191-194, 196-199, 201-204, 206-209, 212-214, 217-220, 222-224, 226-229, 231-234, 236-239, 241-244, 286-288, 305-308, 334-336, 374-377, 400-403, 430-433, 461-464, 519-521",access_control
access_control_buggy_46.sol,"19-21, 46-49, 72-74, 88-91, 102-105, 126-129, 149-152",access_control
access_control_buggy_38.sol,"54-57, 59-61, 63-66, 74-77, 82-85, 90-92, 97-99, 105-108, 110-113, 116-119, 121-124, 126-129, 131-134, 136-139, 145-148, 153-155, 160-163, 168-171, 178-181, 199-202, 209-211, 219-222, 244-246, 254-257, 265-267, 274-277, 282-285, 294-297, 304-307",access_control
access_control_buggy_17.sol,"49-52, 58-60, 70-72, 82-85, 87-89, 91-94, 96-99, 102-105, 107-110, 113-116, 119-122, 125-128, 137-140, 148-150, 156-159, 167-170, 178-181, 191-194, 205-208, 210-213, 215-218, 221-224, 226-229, 239-242, 263-265, 274-277, 288-290, 299-302, 311-313, 318-321",access_control
access_control_buggy_4.sol,"29-32, 34-36, 38-40, 43-46, 48-50, 52-55, 58-61, 63-66, 69-72, 74-76, 78-81, 83-85, 114-117, 122-124, 129-132, 157-160, 171-174, 183-186",access_control
access_control_buggy_27.sol,"54-56, 63-66, 80-83, 99-102, 107-110, 115-117, 122-125, 135-138, 140-143, 145-148, 150-152, 154-156, 158-161, 163-166, 168-171, 173-176, 178-181, 185-188, 190-192, 198-201, 206-209, 214-217, 222-225, 232-235, 241-244, 302-305, 312-315, 323-326, 383-385, 393-395, 403-406, 413-415, 420-423, 432-435, 442-445, 452-455, 461-463, 469-472, 478-480, 486-489",access_control
access_control_buggy_2.sol,"8-11, 13-16, 18-21, 24-27, 29-32, 34-37, 39-41, 43-45, 47-50, 52-54, 58-61, 84-87, 109-112, 137-140, 149-151, 159-162, 173-175, 182-185, 193-195, 201-204",access_control
access_control_buggy_47.sol,"13-16, 18-21, 23-26, 30-33, 35-38, 40-43, 50-53, 55-58, 60-63, 66-68, 70-72, 75-78, 81-84, 99-102, 108-110, 122-124, 139-142, 147-149, 154-157, 168-171, 176-178, 184-187, 191-194, 198-201, 204-207, 210-212, 217-220, 222-225, 229-232, 241-244, 254-257, 263-266, 272-274, 282-285, 300-302, 332-335, 341-343, 353-356, 363-366, 372-375",access_control
access_control_buggy_31.sol,"95-98, 101-104, 114-117, 125-128, 144-146, 155-158, 168-170, 187-189, 197-200, 219-222, 224-227, 230-233, 240-242, 263-266, 273-276",access_control
access_control_buggy_15.sol,"13-15, 17-19, 21-24, 27-29, 33-36, 38-41, 45-48, 52-55, 59-62, 80-83, 105-108, 122-124, 141-144, 160-162, 182-185, 201-203, 222-225",access_control
access_control_buggy_26.sol,"63-66, 68-71, 73-76, 78-81, 83-86, 88-91, 100-103, 103-105, 109-112, 118-120, 125-128, 132-134, 139-142, 147-150, 156-159, 164-167, 173-175, 182-185, 191-193, 199-202, 212-214, 222-225, 229-232",access_control
access_control_buggy_25.sol,"13-16, 37-40, 51-54, 58-60, 62-65, 67-69, 71-74, 76-79, 81-84, 86-89, 96-99, 105-107, 121-123, 140-143, 184-186, 221-224, 236-239, 245-248, 254-257, 263-265, 273-276",access_control
access_control_buggy_16.sol,"52-54, 56-59, 61-64, 66-69, 71-74, 76-78, 80-83, 85-87, 94-97, 107-110, 129-132, 141-144, 147-150, 152-155, 157-159, 161-163, 166-169, 172-175, 190-193, 198-201, 207-210, 215-218, 234-237, 247-250, 255-258, 264-267, 282-284, 289-291, 297-300, 308-310, 327-330, 335-338, 345-348, 354-357, 366-368, 376-379, 386-388, 390-393, 395-398, 400-403",access_control
access_control_buggy_49.sol,"8-11, 14-17, 19-21, 23-26, 30-33, 40-43, 52-54, 56-59, 62-64, 75-78, 93-96",access_control
access_control_buggy_45.sol,"9-12, 14-16, 18-21, 23-25, 27-30, 32-35, 38-41, 43-46, 64-66, 68-71, 73-76, 79-82, 85-88, 91-94, 96-99, 101-104, 107-110, 112-115, 151-154, 161-163, 171-173, 180-183, 193-195, 205-208, 234-237, 242-245, 253-256, 261-263",access_control
arithmetic_buggy_19.sol,"58-61, 70-73, 90-99, 105-112, 118-127, 133-142, 155-158, 167-176, 187-196, 202-205, 211-218, 224-227, 233-236, 242-249, 255-258, 264-267, 273-276, 282-289, 295-302, 308-311, 317-320, 326-329, 335-338, 344-347, 353-362, 368-371, 377-380, 386-395",arithmetic
arithmetic_buggy_18.sol,"62-65, 67-74, 76-85, 87-94, 96-103, 105, 105-106, 106-107, 107-108, 108-114, 120-123, 137-140, 153-156, 162-171, 181-188, 196-205, 238-245, 247-256, 258-265, 267-270, 272-275, 278-287, 289-292, 295-304, 332-341, 367-370, 392-401, 434-443, 449-452, 458-465, 470-473, 482-485, 492-499, 507-510, 519-522, 531-534, 558-565, 581-588, 611-614, 624-627, 641-644, 653-656, 665-668",arithmetic
arithmetic_buggy_9.sol,"55-64, 70-73, 85-94, 96-99, 101-110, 113-122, 124-127, 131-138, 140-143, 147-150, 154-157, 161-170, 204-211, 219-222, 232-235, 246-249, 260-267, 282-289, 304-307, 322-325, 340-343, 360-363, 378-381, 391-400",arithmetic
arithmetic_buggy_42.sol,"8-15, 17-26, 29-32, 38-41, 51-58, 96-99, 101-104, 106-109, 113-122, 124-127, 129-138, 140-149, 152-155, 157-164, 166-169, 171-180, 188-191, 200-207, 216-223, 235-238, 243-246, 251-254, 260-263, 268-271, 278-287",arithmetic
arithmetic_buggy_43.sol,"10-19, 27-34, 41-48, 50-53, 56-59, 69-78, 85-94, 102-105, 112-121, 128-137, 144-147, 152-159, 164-167, 172-175, 213-220, 244-247, 283-286, 289-292, 301-304, 311-314, 322-331, 353-360, 365-372, 377-380, 391-400, 428-431, 442-445, 454-457, 466-469",arithmetic
arithmetic_buggy_32.sol,"49-52, 54-57, 59-62, 64-71, 73-80, 90-99, 101-110, 112-115, 125-128, 141-144, 159-162, 174-177, 187-190, 195-198, 200-209, 218-225, 227-230, 232-235, 237-244, 253-262, 270-273",arithmetic
arithmetic_buggy_30.sol,"340-347, 361-370, 384-391, 397-400, 415-418, 425-434, 440-443, 451-454, 472-479, 502-511, 534-541, 564-571, 589-592, 603-606, 624-633, 654-661, 691-694, 696-699, 707-716, 726-735, 740-743, 748-757, 763-772, 778-781, 787-796, 798-801, 809-816, 826-829, 834-837, 842-849, 855-858, 864-867, 872-875, 879-888, 897-900, 906-913, 932-939, 946-949, 962-965, 971-974",arithmetic
arithmetic_buggy_36.sol,"9-12, 18-21, 31-40, 45-48, 50-53, 61-68, 73-82, 88-97, 99-102, 104-113, 115-124, 126-129, 131-138, 140-143, 218-227, 229-232, 234-237, 239-246, 248-257, 259-266, 268-275, 278-281, 284-287, 289-292, 294-303, 305-308, 310-313, 315-324, 366-369, 386-393, 419-422, 460-463, 486-489, 516-523, 551-558, 613-616",arithmetic
arithmetic_buggy_44.sol,"10-13, 21-24, 31-38, 40-47, 50-59, 69-78, 85-92, 100-109, 116-125, 132-135, 142-151, 156-165, 170-173, 178-185, 193-196, 198-201, 210-213, 219-222, 260-267, 291-294, 330-333, 355-358, 363-366, 371-378, 390-399, 433-440, 451-454, 463-466, 475-478, 487-490",arithmetic
arithmetic_buggy_50.sol,"10-17, 20-29, 32-41, 44-47, 56-65, 68-77, 80-83, 86-95, 112-115, 128-135, 143-146, 152-155, 163-170, 176-179, 185-188, 194-197, 204-211, 218-225, 235-238, 244-247, 253-256, 267-270, 290-293, 312-321, 327-330",arithmetic
arithmetic_buggy_8.sol,"8-17, 20-23, 34-43, 62-71, 77-84, 86-93, 95-98, 101-104, 108-117, 119-126, 130-139, 143-146, 150-153, 171-174, 196-203, 217-220, 237-240, 256-263, 283-286, 305-308, 317-326, 328-337, 340-343, 347-356, 365-368, 381-388, 399-406, 415-418, 427-430, 437-440, 450-453",arithmetic
arithmetic_buggy_24.sol,"230-237, 239-248, 250-257, 259-262, 264-267, 269-278, 280-283, 285-288, 291-298, 300-309, 311-318, 320-327, 329-332, 352-355, 366-375, 400-407, 418-427, 432-441, 455-458, 487-496, 529-538, 553-556, 566-573, 583-586, 596-599, 659-666, 688-691, 715-718, 728-731, 741-748, 759-766, 785-788, 794-797, 819-822, 844-847, 869-872, 924-933, 941-944, 982-985, 997-1006",arithmetic
arithmetic_buggy_21.sol,"5-8, 10-13, 15-22, 24-27, 64-73, 76-79, 82-91, 94-101, 104-113, 143-146, 149-158, 161-164, 167-176, 179-188, 191-194, 197-204, 217-220, 229-236, 244-251, 263-266, 289-292, 311-314, 327-330, 478-481, 495-504, 510-513, 518-521",arithmetic
arithmetic_buggy_12.sol,"98-105, 107-114, 116-119, 121-124, 126-135, 137, 137-138, 138-139, 139-140, 140-144, 150-153, 160-169, 174-183, 185-188, 190, 190-191, 191-192, 192-193, 193-194, 194-195, 195-196, 196-197, 197-198, 198-199, 199, 218-221, 249-258, 286-289, 294-301, 309-312, 320-323, 333-342, 344-347, 349-352, 358-365, 368-377, 385-388, 395-402, 408-411, 416-419, 424-427, 433-440, 445-452, 457-460, 464-467, 473-476, 490-493, 498-501, 509-518",arithmetic
arithmetic_buggy_7.sol,"9-18, 20-27, 29-36, 39-42, 44-47, 49-52, 54-63, 74-83, 89-96, 102-111, 135-144, 150-153, 159-168, 174-183, 189-192, 198-205, 211-214, 222-225, 233-240, 247-250, 257-260, 265-268, 270-273, 276-279, 281-284, 286-295, 302-305, 311-318, 329-336, 351-354, 365-368",arithmetic
arithmetic_buggy_28.sol,"54-61, 63-66, 68-71, 79-82, 87-94, 99-102, 107-110, 116-125, 127-134, 137-146, 148-157, 159-162, 164-173, 175-184, 190-197, 202-205, 210-213, 218-221, 228-235, 253-260, 267-270, 278-281, 303-306, 314-317, 325-328, 335-344, 349-352, 361-364, 371-380",arithmetic
arithmetic_buggy_3.sol,"8-11, 13-16, 18-27, 30-39, 41-50, 52-55, 57-64, 66-69, 72-75, 77-84, 88-91, 114-117, 139-142, 167-174, 183-190, 198-201, 206-209, 220-223, 230-233, 241-244, 250-259",arithmetic
arithmetic_buggy_11.sol,"29-38, 40-43, 45-54, 56-65, 67-70, 72-79, 81-84, 86-89, 96-99, 104-111, 113-120, 123-132, 138-141, 151-158, 165-168, 175-178, 180-183, 185-194, 196-203, 208-217, 233-236, 245-248, 257-264, 278-285, 301-304, 323-326, 336-339, 353-356, 365-368, 377-386",arithmetic
arithmetic_buggy_5.sol,"8-17, 20-23, 34-43, 62-71, 77-84, 86-93, 95-98, 101-104, 108-117, 119-126, 130-139, 143-146, 150-153, 171-174, 196-203, 217-220, 237-240, 256-263, 283-286, 305-308, 317-326, 328-337, 340-343, 347-356, 365-368, 381-388, 399-406, 415-418, 427-430, 437-440, 450-453",arithmetic
arithmetic_buggy_40.sol,"216-225, 228-237, 240-243, 252-259, 267-270, 284-287, 295-302, 315-318, 337-340, 358-361, 381-388, 412-419, 437-440, 460-463, 485-488, 500-503, 510-519, 521-530, 532-535, 548-551, 559-568, 577-580, 597-600, 607-616",arithmetic
arithmetic_buggy_34.sol,"9-12, 15-18, 24-31, 41-50, 150-159, 162-165, 168-171, 173-180, 184-193, 195-202, 204-211, 214-217, 219-222, 224-233, 250-259, 270-273, 304-313, 322-331, 340-343, 360-367, 380-383, 390-399, 421-424, 434-437, 445-452, 458-461, 475-478, 486-489, 498-505, 518-525, 544-547, 565-568, 588-591, 629-632, 654-657, 669-678",arithmetic
arithmetic_buggy_1.sol,"22-25, 32-35, 43-50, 57-64, 70-73, 76-79, 81-90, 96-103, 105-108, 116-119, 121-128, 130-133, 143-146, 155-158, 171-174, 179-182, 189-198, 203-206",arithmetic
arithmetic_buggy_20.sol,"32-41, 44-47, 53-62, 73-82, 92-99, 102-111, 124-127, 160-169, 179-188, 212-219, 221-224, 226-229, 231-240, 248-251, 253-256, 258-267, 287-290, 293-300, 304-307, 312-315, 325-332, 341-344, 363-366, 382-385, 394-401, 437-444, 458-465, 470-473, 482-485, 493-496, 507-510",arithmetic
arithmetic_buggy_37.sol,"30-33, 38-47, 52-59, 64-73, 83-92, 94-97, 99-108, 110-119, 121-124, 126-133, 135-138, 140-143, 155-158, 166-169, 171-174, 177-186, 192-195, 205-212, 219-222, 231-238, 240-249, 251-258, 260-267, 271-274, 289-292, 301-304, 313-320, 334-341, 357-360, 379-382, 392-395, 409-412, 421-424, 433-442",arithmetic
arithmetic_buggy_29.sol,"17-20, 25-28, 30-37, 159-162, 167-174, 179-182, 187-190, 195-202, 207-210, 262-265, 267-270, 272-281, 307-314, 346-349, 365-368, 379-382, 389-392, 399-402, 410-419",arithmetic
arithmetic_buggy_13.sol,"13-16, 18-21, 23-30, 33-36, 40-43, 45-48, 52-55, 59-62, 66-75, 93-100, 122-129, 143-146, 163-166, 182-185, 205-208, 224-227, 246-255",arithmetic
arithmetic_buggy_35.sol,"136-139, 141-144, 148-151, 157-166, 177-184, 193-202, 216-223, 225-234, 236-243, 246-253, 255-258, 260-263, 266-269, 271-274, 276-285, 287-290, 292-295, 297-306, 314-323, 336-339, 349-358, 370-379, 385-388, 394-401, 414-417, 423-426, 435-442, 451-454, 464-467, 472-475, 482-489, 515-522, 532-535, 555-558",arithmetic
arithmetic_buggy_14.sol,"72-75, 77-86, 91-100, 102-105, 112-115, 120-127, 133-136, 143-146, 152-155, 160-167, 172-179, 187-190, 200-203, 212-215, 224-227, 233-240, 248-251, 259-268, 276-279, 287-290, 294-297, 307-316",arithmetic
arithmetic_buggy_23.sol,"120-129, 132-139, 142-151, 160-169, 179-182, 193-200, 211-214, 229-232, 247-254, 270-273, 289-292, 307-310, 326-333, 348-355, 370-373, 387-390, 410-413, 423-426, 441-450, 452-455, 457-466, 474-477, 485-494, 502-505, 513-516, 530-539",arithmetic
arithmetic_buggy_10.sol,"8-11, 13-16, 24-27, 29-38, 48-51, 60-63, 69-78, 83-86",arithmetic
arithmetic_buggy_39.sol,"8-15, 18-25, 27-30, 32-35, 39-42, 49-52, 61-64, 66-75, 78-81, 92-101, 116-119",arithmetic
arithmetic_buggy_33.sol,"8-15, 17-26, 29-32, 38-41, 51-58, 96-99, 101-104, 106-109, 113-122, 124-127, 129-138, 140-149, 152-155, 157-164, 166-169, 171-180, 188-191, 200-207, 217-224, 236-239, 244-247, 252-255, 261-264, 269-272, 279-288",arithmetic
arithmetic_buggy_41.sol,"17-20, 22-25, 27-34, 37-40, 44-47, 49-52, 56-59, 63-66, 70-79, 97-104, 126-133, 147-150, 167-170, 186-189, 209-212, 228-231, 250-259",arithmetic
arithmetic_buggy_6.sol,"9-16, 18-25, 27-30, 33-36, 38-41, 43-46, 48-57, 68-77, 83-90, 96-105, 129-138, 144-147, 153-162, 168-177, 183-186, 192-199, 205-208, 216-219, 227-234, 241-244, 251-254, 259-262, 265-268, 270-273, 275-284, 291-294, 300-307, 317-324, 338-341, 351-354",arithmetic
arithmetic_buggy_48.sol,"48-57, 59-68, 70-73, 75-84, 86-95, 97-100, 102-105, 107-110, 122-129, 137-146, 148-155, 158-167, 173-176, 186-189, 196-203, 214-221, 223-226, 228-231, 233-242, 246-253, 268-271, 280-283, 292-295, 309-316, 324-331, 343-346, 362-365, 384-387, 397-400, 414-417, 426-435",arithmetic
arithmetic_buggy_22.sol,"9-12, 18-21, 31-40, 45-48, 50-53, 61-68, 73-82, 88-97, 99-102, 104-113, 115-124, 126-129, 131-138, 140-143, 218-227, 229-232, 234-237, 239-246, 248-257, 259-266, 268-275, 278-281, 284-287, 289-292, 294-303, 305-308, 310-313, 315-324, 366-369, 386-393, 419-422, 460-463, 486-489, 516-523, 551-558, 613-616",arithmetic
arithmetic_buggy_46.sol,"21-24, 47-50, 73-76, 90-99, 110-113, 134-137, 157-166",arithmetic
arithmetic_buggy_38.sol,"54-61, 63-66, 68-71, 79-82, 87-94, 99-102, 107-110, 116-125, 127-134, 137-146, 148-157, 159-162, 164-173, 175-184, 190-197, 202-205, 210-213, 218-221, 228-235, 253-260, 267-270, 278-281, 303-306, 314-317, 325-328, 335-344, 349-352, 361-364, 371-380",arithmetic
arithmetic_buggy_17.sol,"49-56, 62-65, 75-78, 88-95, 97-100, 102-105, 107-116, 119-126, 128-137, 140-143, 146-149, 152-161, 170-177, 185-188, 194-197, 205-208, 216-223, 233-240, 251-260, 262-265, 267-276, 279-288, 290-293, 303-310, 331-334, 343-346, 357-360, 369-372, 381-384, 389-398",arithmetic
arithmetic_buggy_4.sol,"29-36, 38-41, 43-46, 49-56, 58-61, 63-66, 69-72, 74-81, 84-91, 93-96, 98-101, 103-106, 135-138, 143-146, 151-160, 185-188, 199-202, 211-220",arithmetic
arithmetic_buggy_27.sol,"54-57, 64-71, 85-94, 110-117, 122-129, 134-137, 142-145, 155-162, 164-173, 175-182, 184-187, 189-192, 194-203, 205-214, 216-219, 221-224, 226-235, 239-242, 244-247, 253-262, 267-274, 279-288, 293-302, 309-312, 318-327, 385-394, 401-404, 412-419, 476-479, 487-490, 498-505, 512-515, 520-523, 532-535, 542-549, 556-563, 569-572, 578-581, 587-590, 596-599",arithmetic
arithmetic_buggy_2.sol,"8-11, 13-16, 18-27, 30-39, 41-44, 46-53, 55-58, 60-63, 65-72, 74-77, 81-84, 107-110, 132-139, 164-171, 180-183, 191-194, 205-208, 215-218, 226-229, 235-244",arithmetic
arithmetic_buggy_47.sol,"13-22, 24-33, 35-38, 42-51, 53-62, 64-67, 74-81, 83-92, 94-101, 104-107, 109-112, 115-124, 127-130, 145-152, 158-161, 173-176, 191-198, 203-206, 211-214, 225-228, 233-236, 242-249, 253-262, 266-273, 276-283, 286-289, 294-297, 299-308, 312-319, 328-337, 347-354, 360-367, 373-376, 384-387, 402-405, 435-438, 444-447, 457-466, 473-476, 482-485",arithmetic
arithmetic_buggy_31.sol,"95-102, 105-108, 118-125, 133-140, 156-159, 168-171, 181-184, 201-204, 212-215, 234-237, 239-242, 245-254, 261-264, 285-294, 301-304",arithmetic
arithmetic_buggy_15.sol,"13-16, 18-21, 23-30, 33-36, 40-43, 45-48, 52-55, 59-62, 66-75, 93-100, 122-129, 143-146, 163-166, 182-185, 205-208, 224-227, 246-255",arithmetic
arithmetic_buggy_26.sol,"63-72, 74-77, 79-88, 90-99, 101-104, 106-113, 122, 122-123, 123-124, 124-125, 125, 132-141, 147-150, 155-162, 166-169, 174-177, 182-185, 191-198, 203-210, 216-219, 226-229, 235-238, 244-247, 257-260, 268-277, 281-284",arithmetic
arithmetic_buggy_25.sol,"13-22, 43-52, 63-66, 70-73, 75-78, 80-83, 85-94, 96-99, 101-104, 106-115, 122-129, 135-138, 152-155, 172-179, 220-223, 258-261, 273-276, 282-289, 295-302, 308-311, 319-322",arithmetic
arithmetic_buggy_16.sol,"52-55, 57-64, 66-75, 77-84, 86-93, 95-98, 100-103, 105-108, 115-124, 134-137, 156-165, 174-181, 184-193, 195-202, 204-207, 209-212, 215-224, 227-230, 245-252, 257-266, 272-281, 286-289, 305-314, 324-333, 338-341, 347-354, 369-372, 377-380, 386-393, 401-404, 421-424, 429-432, 439-446, 452-459, 468-471, 479-482, 489-492, 494-497, 499-502, 504-513",arithmetic
arithmetic_buggy_49.sol,"8-15, 18-25, 27-30, 32-35, 39-42, 49-52, 61-64, 66-75, 78-81, 92-101, 116-119",arithmetic
arithmetic_buggy_45.sol,"9-12, 14-17, 19-22, 24-27, 29-38, 40-43, 46-49, 51-60, 78-81, 83-86, 88-97, 100-107, 110-119, 122-131, 133-136, 138-147, 150-159, 161-164, 200-207, 214-217, 225-228, 235-242, 252-255, 265-268, 294-297, 302-309, 317-324, 329-332",arithmetic
denial_of_service_buggy_19.sol,"58-60, 69-71, 88-90, 96-97, 103-108, 114-116, 129-133, 142-144, 155-163, 169-177, 183-185, 191-195, 201-209, 215-219, 225-227, 233-235, 241-248, 254-262, 268-269, 275-277, 283-285, 291-299, 305-313, 319-324, 330-331, 337-341, 347-352, 358-360",denial_of_service
denial_of_service_buggy_18.sol,"62-64, 66-68, 70-77, 79-81, 83-87, 89-93, 95-99, 113-115, 128-133, 139-141, 151-152, 160-165, 184-191, 193-195, 204-211, 213-221, 223-225, 227-229, 231-232, 234-242, 244-248, 250-255, 257-261, 263-265, 267-271, 273-275, 277-279, 282-284, 297, 312-314, 320, 322, 326, 340-344, 366-368, 401-409, 415-423, 429-431, 436-440, 449-457, 464-468, 473, 476-478, 487-489, 498-505, 529-537, 553-554, 577-579, 589-591, 605-613, 622-630, 639-644",denial_of_service
denial_of_service_buggy_9.sol,"55-60, 66-74, 86-88, 90-94, 96-98, 101-109, 111-119, 123-125, 127-131, 135-139, 143-148, 152-154, 188-192, 200-202, 212-214, 225-232, 243-251, 266-267, 282-284, 299-301, 316-324, 341-349, 364-369, 379-380",denial_of_service
denial_of_service_buggy_42.sol,"8-9, 11-16, 19-23, 29-37, 47-51, 89-91, 93-95, 97-104, 108-110, 112-116, 118-120, 122-130, 133-141, 143-145, 147-152, 154-156, 164-168, 177-185, 194-195, 207-209, 214-216, 221-229, 235-243, 248-253, 260-261",denial_of_service
denial_of_service_buggy_43.sol,"10-11, 19-20, 27-31, 33-35, 38-42, 52-57, 64-66, 74-78, 85-87, 94-102, 109-117, 122-124, 129-133, 138-146, 184-188, 212-214, 250-252, 255-260, 269-271, 278-285, 293-295, 317-325, 330-331, 336-338, 349-351, 379-381, 392-400, 409-417, 426-431",denial_of_service
denial_of_service_buggy_32.sol,"49-51, 53-55, 57-64, 66-74, 76-77, 87-89, 91-99, 101-109, 119-121, 134-136, 151-159, 171-179, 189-194, 199-204, 206-208, 217-219, 221-225, 227-235, 237-241, 250-251, 259-263",denial_of_service
denial_of_service_buggy_30.sol,"285-292, 298-300, 306-313, 319-327, 333-335, 341-343, 359-360, 366-374, 385-389, 403-408, 422-426, 432-434, 449-453, 460-462, 468-470, 478-480, 498-500, 523-530, 553-555, 578-582, 600-602, 613-615, 633-635, 656-657, 687-695, 697-702, 710-715, 725-727, 732-736, 741-743, 749-757, 763-771, 777-778, 780-784, 792-794, 804-808, 813-821, 826-830, 836-838, 844-846, 851-856, 860-862, 871-878, 884-892, 911-912, 919-921, 934-936, 942-950",denial_of_service
denial_of_service_buggy_36.sol,"9-13, 19-21, 31-33, 38-40, 42-50, 58-59, 64-69, 75-77, 79-83, 85-87, 89-97, 99-107, 109-111, 113-117, 192-194, 196-198, 200-202, 204-206, 208-215, 217-219, 221-225, 228-230, 233-241, 243-248, 250-251, 253-257, 259-264, 266-268, 310-318, 335-339, 365-367, 405-407, 430-437, 464-472, 500-501, 556-558",denial_of_service
denial_of_service_buggy_44.sol,"10-15, 23-25, 32-34, 36-40, 43-44, 54-56, 63-64, 72-77, 84-86, 93-97, 104-106, 111-119, 124-132, 137-139, 147-151, 153-158, 167-171, 177-185, 223-227, 251-253, 289-291, 313-315, 320-327, 332-340, 352-354, 388-389, 400-402, 411-413, 422-430, 439-447",denial_of_service
denial_of_service_buggy_50.sol,"10-11, 14-19, 22-24, 27-31, 40-42, 45-53, 56-61, 64-66, 83-91, 104-106, 114-118, 124-132, 140-144, 150-152, 158-160, 166-173, 180-188, 195-196, 206-208, 214-216, 222-230, 241-249, 269-274, 293-294, 300-304",denial_of_service
denial_of_service_buggy_8.sol,"8-15, 18-23, 34-36, 55-63, 69-71, 73-77, 79-81, 84-86, 90-92, 94-95, 99-100, 104-108, 112-117, 135-143, 165-167, 181-185, 202-210, 226-230, 250-252, 271-273, 282-287, 289-291, 294-298, 302-304, 313-320, 333-341, 352-353, 362-364, 373-375, 382-390, 400-408",denial_of_service
denial_of_service_buggy_24.sol,"217-224, 226-228, 230-237, 239-247, 251-253, 257-259, 262-263, 265-273, 275-279, 281-286, 288-292, 294-296, 298-302, 304-306, 308-310, 312-314, 317-319, 321-328, 330-332, 334-338, 340-342, 362-364, 375-377, 402-403, 414-419, 424-426, 440-444, 473-475, 508-516, 531-539, 549-551, 561-565, 575-583, 643-647, 669-671, 695-697, 707-714, 724-732, 743-744, 763-765, 771-773, 795-803, 825-833, 855-860, 912-913, 921-925, 963-968, 980-982",denial_of_service
denial_of_service_buggy_21.sol,"5-9, 11-19, 21-25, 27-29, 66-68, 71-73, 76-78, 81-82, 85-90, 120-122, 125-127, 130-134, 137-139, 142-150, 153-161, 164-166, 179-186, 195-203, 211-212, 224-226, 249-251, 270-278, 291-299, 447-452, 466-467, 473-477, 482-487",denial_of_service
denial_of_service_buggy_12.sol,"98-100, 102-106, 108-110, 112-114, 116-118, 120, 120-121, 121-124, 128-133, 140-145, 150-152, 154-158, 160, 160-161, 161-162, 162, 174-176, 204-212, 240-248, 253-255, 263-267, 275-279, 289-291, 293-295, 297-299, 305-307, 310-317, 325-333, 340-344, 350-352, 357-359, 364-371, 377-385, 390-391, 396-398, 402-404, 410-418, 432-440, 445-450, 458-459",denial_of_service
denial_of_service_buggy_7.sol,"9-16, 18-20, 22-26, 29-37, 39-47, 49-54, 56-57, 68-70, 76-77, 83-88, 112-114, 120-124, 130-132, 138-146, 152-160, 166-168, 174-178, 186-194, 202-206, 213-215, 222-224, 229-231, 233-235, 238-242, 244-249, 251-253, 260-267, 273-281, 292-293, 308-310, 321-323",denial_of_service
denial_of_service_buggy_28.sol,"54-58, 60-62, 64-66, 74-82, 87-89, 94-98, 103-111, 117-119, 121-122, 125-130, 132-134, 136-140, 142-144, 146-154, 160-164, 169-171, 176-178, 183-190, 197-205, 223-224, 231-233, 241-243, 265-273, 281-289, 297-302, 309-310, 315-319, 328-333, 340-342",denial_of_service
denial_of_service_buggy_3.sol,"8-12, 14-19, 21-23, 26-28, 30-38, 40-48, 50-52, 54-58, 61-69, 71-75, 79-81, 104-106, 128-135, 160-168, 177-178, 186-188, 193-195, 206-214, 221-229, 237-242, 248-249",denial_of_service
denial_of_service_buggy_11.sol,"29-31, 33-37, 39-41, 43-51, 53-61, 63-65, 67-71, 73-78, 85-89, 94-101, 103-105, 108-110, 116-124, 134-138, 145-147, 154-158, 160-162, 164-166, 168-170, 174-175, 177-182, 198-200, 209-216, 225-233, 247-248, 264-266, 285-287, 297-305, 319-327, 336-341, 350-351",denial_of_service
denial_of_service_buggy_5.sol,"8-15, 18-23, 34-36, 55-63, 69-71, 73-77, 79-81, 84-86, 90-92, 94-95, 99-100, 104-108, 112-117, 135-143, 165-167, 181-185, 202-210, 226-230, 250-252, 271-273, 282-287, 289-291, 294-298, 302-304, 313-320, 333-341, 352-353, 362-364, 373-375, 382-390, 400-408",denial_of_service
denial_of_service_buggy_40.sol,"216-221, 224-226, 229-233, 242-244, 252-256, 270-278, 286-290, 303-305, 324-326, 344-351, 371-379, 403-404, 422-424, 444-446, 468-476, 488-496, 503-505, 507-515, 517-525, 538-543, 551-552, 561-565, 582-587, 594-596",denial_of_service
denial_of_service_buggy_34.sol,"9-13, 16-20, 26-27, 37-42, 142-144, 147-149, 152-154, 156-158, 162-169, 171-173, 175-179, 182-184, 186-188, 190-192, 209-211, 222-226, 257-259, 268-276, 285-293, 310-312, 325-330, 337-339, 361-365, 375-383, 391-395, 401-403, 417-419, 427-434, 443-451, 464-465, 484-486, 504-506, 526-534, 572-580, 602-607, 619-620",denial_of_service
denial_of_service_buggy_1.sol,"22-24, 31-38, 46-54, 61-62, 68-70, 73-78, 80-82, 88-90, 92-96, 104-112, 114-118, 120-122, 132-134, 143-151, 164-172, 177-182, 189-190, 195-199",denial_of_service
denial_of_service_buggy_20.sol,"32-39, 42-47, 53-58, 69-71, 81-83, 86-87, 100-104, 137-139, 149-157, 181-185, 187-189, 191-193, 195-197, 205-209, 211-216, 218-220, 240-248, 251-253, 257-261, 266-274, 284-288, 297-299, 318-320, 336-343, 352-360, 396-397, 411-412, 417-419, 428-430, 438-446, 457-465",denial_of_service
denial_of_service_buggy_37.sol,"30-32, 37-39, 44-45, 50-55, 65-67, 69-73, 75-77, 79-87, 89-97, 99-101, 103-107, 109-114, 126-130, 138-140, 142-144, 147-149, 155-163, 173-177, 184-186, 195-197, 199-201, 203-210, 212-214, 217-221, 223-225, 240-242, 251-258, 267-275, 289-290, 306-308, 327-329, 339-347, 361-369, 378-383, 392-393",denial_of_service
denial_of_service_buggy_29.sol,"17-19, 24-31, 33-41, 163-171, 176-178, 183-187, 192-200, 205-209, 214-216, 268-272, 274-279, 281-283, 309-310, 342-344, 360-362, 373-381, 388-396, 403-408, 416-417",denial_of_service
denial_of_service_buggy_13.sol,"13-17, 19-27, 29-33, 36-38, 42-44, 46-53, 57-61, 65-70, 74-76, 94-102, 124-125, 139-141, 158-160, 176-184, 204-212, 228-233, 252-253",denial_of_service
denial_of_service_buggy_35.sol,"136-138, 140-142, 146-154, 160-162, 173-174, 183-188, 202-204, 206-213, 215-217, 220-224, 226-228, 230-232, 235-243, 245-250, 252-253, 255-259, 261-266, 268-270, 278-280, 293-297, 307-309, 321-329, 335-343, 349-351, 364-368, 374-382, 391-395, 404-406, 416-418, 423-430, 437-445, 471-472, 482-484, 504-506",denial_of_service
denial_of_service_buggy_14.sol,"72-76, 78-80, 85-93, 95-103, 110-118, 123-127, 133-135, 142-144, 150-157, 162-170, 175-176, 184-186, 196-198, 207-215, 224-232, 238-240, 248-253, 261-262, 270-274, 282-287, 291-295, 305-307",denial_of_service
denial_of_service_buggy_23.sol,"120-122, 125-126, 129-134, 143-151, 161-169, 180-182, 193-197, 212-220, 235-239, 255-257, 273-275, 290-297, 313-321, 336-337, 352-354, 368-370, 390-398, 408-416, 431-433, 435-439, 441-443, 451-456, 464-465, 473-477, 485-490, 504-506",denial_of_service
denial_of_service_buggy_10.sol,"8-10, 12-20, 28-33, 35-37, 47-55, 64-69, 75-76, 81-85",denial_of_service
denial_of_service_buggy_39.sol,"8-16, 19-20, 22-24, 26-28, 32-37, 44-52, 61-66, 68-70, 73-81, 92-93, 108-112",denial_of_service
denial_of_service_buggy_33.sol,"8-9, 11-16, 19-23, 29-37, 47-51, 89-91, 93-95, 97-104, 108-110, 112-116, 118-120, 122-130, 133-141, 143-145, 147-152, 154-156, 164-168, 177-185, 195-196, 208-210, 215-217, 222-230, 236-244, 249-254, 261-262",denial_of_service
denial_of_service_buggy_41.sol,"17-21, 23-31, 33-37, 40-42, 46-48, 50-57, 61-65, 69-74, 78-80, 98-106, 128-129, 143-145, 162-164, 180-188, 208-216, 232-237, 256-257",denial_of_service
denial_of_service_buggy_6.sol,"9-11, 13-17, 19-21, 24-32, 34-42, 44-49, 51-52, 63-65, 71-72, 78-83, 107-109, 115-119, 125-127, 133-141, 147-155, 161-163, 169-173, 181-189, 197-201, 208-210, 217-219, 224-226, 229-233, 235-240, 242-244, 251-258, 264-272, 282-283, 297-299, 309-311",denial_of_service
denial_of_service_buggy_48.sol,"48-53, 55-57, 59-63, 65-67, 69-77, 79-87, 89-93, 95-100, 112-114, 122-124, 126-133, 136-138, 144-148, 158-166, 173-177, 188-190, 192-196, 198-200, 202-204, 207-209, 211-212, 227-229, 238-240, 249-256, 270-278, 286-287, 299-301, 317-319, 338-346, 356-364, 378-383, 392-393",denial_of_service
denial_of_service_buggy_22.sol,"9-13, 19-21, 31-33, 38-40, 42-50, 58-59, 64-69, 75-77, 79-83, 85-87, 89-97, 99-107, 109-111, 113-117, 192-194, 196-198, 200-202, 204-206, 208-215, 217-219, 221-225, 228-230, 233-241, 243-248, 250-251, 253-257, 259-264, 266-268, 310-318, 335-339, 365-367, 405-407, 430-437, 464-472, 500-501, 556-558",denial_of_service
denial_of_service_buggy_46.sol,"21-29, 52-60, 83-88, 102-103, 114-118, 139-144, 164-166",denial_of_service
denial_of_service_buggy_38.sol,"54-58, 60-62, 64-66, 74-82, 87-89, 94-98, 103-111, 117-119, 121-122, 125-130, 132-134, 136-140, 142-144, 146-154, 160-164, 169-171, 176-178, 183-190, 197-205, 223-224, 231-233, 241-243, 265-273, 281-289, 297-302, 309-310, 315-319, 328-333, 340-342",denial_of_service
denial_of_service_buggy_17.sol,"49-51, 57-61, 71-79, 89-93, 95-97, 99-101, 103-105, 108-109, 111-116, 119-123, 126-131, 134-136, 145-149, 157-159, 165-167, 175-182, 190-198, 208-209, 220-222, 224-228, 230-232, 235-243, 245-253, 263-265, 286-288, 297-299, 310-318, 327-335, 344-349, 354-355",denial_of_service
denial_of_service_buggy_4.sol,"29-31, 33-37, 39-47, 50-54, 56-58, 60-62, 65-72, 74-82, 85-86, 88-90, 92-94, 96-104, 133-141, 146-151, 156-157, 182-186, 197-202, 211-213",denial_of_service
denial_of_service_buggy_27.sol,"53-55, 57-62, 69-71, 85-92, 99-106, 108-116, 118-120, 128-130, 135-139, 144-146, 151-153, 159-161, 163-164, 167-175, 177-181, 183-188, 190-194, 196-198, 200-204, 206-208, 210-211, 213-217, 219-224, 226-228, 232-234, 236-238, 244-246, 251-252, 257-262, 267-269, 276-280, 286-288, 346-354, 361-369, 377-379, 436-440, 448-456, 464-468, 475-477, 482-484, 493-500, 507-515, 522-523, 529-531, 537-539, 545-553, 559-567",denial_of_service
denial_of_service_buggy_2.sol,"8-12, 14-19, 21-23, 26-34, 36-44, 46-48, 50-54, 56-64, 66-70, 72-74, 78-80, 103-110, 132-140, 165-166, 175-177, 185-187, 198-206, 213-221, 229-234, 240-241",denial_of_service
denial_of_service_buggy_47.sol,"13-18, 20-22, 24-28, 32-34, 36-44, 46-54, 61-65, 67-72, 74-78, 81-83, 85-89, 92-94, 97-99, 114-116, 122-126, 138-146, 161-165, 170-172, 177-179, 190-197, 202-204, 210-212, 216-223, 227-229, 232-236, 239-241, 246-248, 250-252, 256-257, 266-268, 278-286, 292-293, 299-301, 309-311, 326-334, 364-372, 378-383, 393-394, 401-405, 411-416",denial_of_service
denial_of_service_buggy_31.sol,"95-99, 102-107, 117-125, 133-134, 150-152, 161-163, 173-181, 198-200, 208-216, 235-237, 239-246, 249-251, 258-263, 284-285, 292-296",denial_of_service
denial_of_service_buggy_15.sol,"13-17, 19-27, 29-33, 36-38, 42-44, 46-53, 57-61, 65-70, 74-76, 94-102, 124-125, 139-141, 158-160, 176-184, 204-212, 228-233, 252-253",denial_of_service
denial_of_service_buggy_26.sol,"63-65, 67-71, 73-75, 77-85, 87-95, 97-99, 108-118, 121-123, 129-137, 142-146, 150-152, 157-159, 164-171, 177-185, 190-191, 197-199, 206-208, 214-222, 228-236, 246-251, 259-260, 264-268",denial_of_service
denial_of_service_buggy_25.sol,"13-15, 36-44, 55-63, 67-75, 77-85, 87-92, 94-95, 97-101, 103-108, 110-112, 119-121, 127-131, 145-153, 170-174, 215-217, 252-254, 266-273, 279-287, 293-294, 300-302, 310-312",denial_of_service
denial_of_service_buggy_16.sol,"52-54, 56-58, 60-67, 69-71, 73-77, 79-81, 83-91, 93-98, 104-105, 107-108, 118-120, 139-141, 149-157, 159-163, 166-171, 173-177, 179-181, 183-187, 190-192, 195-197, 212-213, 218-223, 229-231, 236-240, 256-258, 268-276, 281-289, 295-297, 312-316, 321-329, 335-339, 347-349, 366-368, 373-380, 387-395, 401-402, 411-413, 421-423, 430-438, 440-444, 446-451, 453-455",denial_of_service
denial_of_service_buggy_49.sol,"8-16, 19-20, 22-24, 26-28, 32-37, 44-52, 61-66, 68-70, 73-81, 92-93, 108-112",denial_of_service
denial_of_service_buggy_45.sol,"9-11, 13-21, 23-31, 33-38, 40-41, 43-47, 50-55, 57-59, 77-79, 81-83, 85-87, 90-91, 94-99, 102-104, 106-110, 112-114, 117-125, 127-135, 171-173, 180-184, 192-200, 207-211, 221-223, 233-235, 261-268, 273-281, 289-290, 295-297",denial_of_service
front_running_buggy_19.sol,"58-75, 84-96, 113-125, 131-148, 154-166, 172-184, 197-209, 218-230, 241-253, 259-271, 277-294, 300-317, 323-340, 346-363, 369-386, 392-404, 410-422, 428-445, 451-468, 474-491, 497-509, 515-532, 538-550, 556-573, 579-591, 597-609, 615-627, 633-645",front_running
front_running_buggy_18.sol,"62-79, 81-98, 100-112, 114-131, 133-150, 152, 152-153, 153-154, 154-155, 155-156, 156-157, 157-158, 158-159, 159-160, 160-161, 161-162, 162-163, 163-164, 164-169, 184-196, 210-222, 235-247, 253-265, 275-292, 300-312, 346-363, 365-377, 379-396, 398-415, 417-434, 436-448, 450-462, 465-477, 505-517, 543-555, 577-589, 622-634, 640-652, 658-675, 680-697, 706-723, 730-747, 755-772, 781-793, 802-814, 838-855, 871-888, 911-928, 938-950, 964-981, 990-1002, 1011-1028",front_running
front_running_buggy_9.sol,"55-67, 73-90, 102-114, 116-128, 130-142, 145-157, 159-171, 175-192, 194-211, 215-227, 231-243, 247-259, 293-310, 318-335, 345-357, 368-380, 391-408, 423-440, 455-472, 487-499, 514-531, 548-560, 575-592, 602-614",front_running
front_running_buggy_42.sol,"8-25, 27-39, 42-54, 60-77, 87-104, 142-159, 161-173, 175-187, 191-203, 205-217, 219-231, 233-245, 248-260, 262-279, 281-293, 295-307, 315-332, 341-358, 367-384, 396-413, 418-430, 435-452, 458-470, 475-492, 499-511",front_running
front_running_buggy_43.sol,"10-22, 30-47, 54-71, 73-90, 93-105, 115-127, 134-146, 154-166, 173-185, 192-204, 211-223, 228-245, 250-267, 272-289, 327-344, 368-385, 421-433, 436-448, 457-469, 476-488, 496-508, 530-547, 552-569, 574-591, 602-614, 642-654, 665-682, 691-703, 712-729",front_running
front_running_buggy_32.sol,"49-66, 68-80, 82-94, 96-113, 115-132, 142-154, 156-168, 170-182, 192-209, 222-234, 249-266, 278-290, 300-317, 322-334, 336-348, 357-374, 376-393, 395-412, 414-431, 440-452, 460-472",front_running
front_running_buggy_30.sol,"340-357, 371-383, 397-414, 420-437, 452-469, 476-488, 494-506, 514-531, 549-566, 589-601, 624-641, 664-681, 699-716, 727-739, 757-769, 790-807, 837-849, 851-868, 876-888, 898-910, 915-927, 932-944, 950-962, 968-980, 986-998, 1000-1012, 1020-1037, 1047-1064, 1069-1086, 1091-1108, 1114-1131, 1137-1149, 1154-1166, 1170-1182, 1191-1203, 1209-1226, 1245-1262, 1269-1286, 1299-1311, 1317-1334",front_running
front_running_buggy_36.sol,"9-26, 32-44, 54-66, 71-83, 85-102, 110-127, 132-144, 150-162, 164-176, 178-190, 192-204, 206-218, 220-237, 239-256, 331-343, 345-357, 359-376, 378-395, 397-409, 411-428, 430-447, 450-467, 470-482, 484-501, 503-515, 517-529, 531-543, 545-557, 599-616, 633-650, 676-693, 731-743, 766-778, 805-822, 850-867, 922-939",front_running
front_running_buggy_44.sol,"10-27, 35-47, 54-71, 73-90, 93-105, 115-127, 134-151, 159-171, 178-190, 197-209, 216-228, 233-245, 250-262, 267-284, 292-304, 306-318, 327-344, 350-367, 405-422, 446-463, 499-516, 538-550, 555-567, 572-589, 601-613, 647-664, 675-692, 701-713, 722-739, 748-760",front_running
front_running_buggy_50.sol,"10-27, 30-42, 45-57, 60-72, 81-93, 96-108, 111-123, 126-138, 155-167, 180-197, 205-222, 228-245, 253-270, 276-293, 299-311, 317-329, 336-353, 360-377, 387-404, 410-422, 428-445, 456-468, 488-505, 524-536, 542-554",front_running
front_running_buggy_8.sol,"8-20, 23-40, 51-63, 82-94, 100-117, 119-136, 138-155, 158-170, 174-186, 188-205, 209-221, 225-237, 241-253, 271-283, 305-322, 336-353, 370-387, 403-420, 440-457, 476-488, 497-509, 511-523, 526-538, 542-554, 563-575, 588-605, 616-633, 642-659, 668-680, 687-704, 714-726",front_running
front_running_buggy_24.sol,"230-247, 249-261, 263-280, 282-299, 301-318, 320-332, 334-346, 348-365, 368-385, 387-399, 401-418, 420-437, 439-456, 476-488, 499-511, 536-553, 564-576, 581-593, 607-619, 648-660, 693-705, 720-732, 742-759, 769-786, 796-813, 873-890, 912-929, 953-965, 975-987, 997-1014, 1025-1042, 1061-1078, 1084-1096, 1118-1135, 1157-1169, 1191-1208, 1260-1272, 1280-1292, 1330-1342, 1354-1366",front_running
front_running_buggy_21.sol,"5-22, 24-41, 43-60, 62-79, 116-128, 131-143, 146-158, 161-178, 181-193, 223-235, 238-250, 253-265, 268-280, 283-295, 298-310, 313-330, 343-355, 364-381, 389-406, 418-435, 458-470, 489-506, 519-531, 679-696, 710-722, 728-740, 745-757",front_running
front_running_buggy_12.sol,"98-115, 117-134, 136-153, 155-167, 169-181, 183, 183-184, 184-185, 185-186, 186-187, 187-188, 188-189, 189-190, 190-191, 191-192, 192-193, 193-194, 194-195, 195-200, 215-227, 234-246, 251-263, 265-277, 279, 279-280, 280-281, 281-282, 282-283, 283-284, 284-285, 285-286, 286-287, 287-288, 288-289, 289-290, 290-291, 291, 313-330, 358-370, 398-410, 415-432, 440-457, 465-482, 492-504, 506-518, 520-537, 543-560, 563-575, 583-600, 607-624, 630-647, 652-664, 669-681, 687-704, 709-726, 731-748, 752-764, 770-787, 801-813, 818-835, 843-855",front_running
front_running_buggy_7.sol,"9-21, 23-40, 42-59, 62-79, 81-93, 95-112, 114-126, 137-149, 155-172, 178-190, 214-226, 232-244, 250-262, 268-280, 286-298, 304-321, 327-344, 352-369, 377-394, 401-418, 425-437, 442-459, 461-473, 476-488, 490-502, 504-516, 523-535, 541-558, 569-586, 601-618, 629-641",front_running
front_running_buggy_28.sol,"54-71, 73-90, 92-104, 112-124, 129-146, 151-168, 173-190, 196-208, 210-227, 230-242, 244-256, 258-270, 272-284, 286-298, 304-321, 326-343, 348-360, 365-377, 384-401, 419-436, 443-460, 468-480, 502-519, 527-539, 547-564, 571-583, 588-600, 609-621, 628-640",front_running
front_running_buggy_3.sol,"8-20, 22-34, 36-48, 51-63, 65-77, 79-91, 93-110, 112-129, 132-149, 151-168, 172-189, 212-224, 246-258, 283-300, 309-326, 334-351, 356-368, 379-396, 403-415, 423-440, 446-458",front_running
front_running_buggy_11.sol,"29-41, 43-55, 57-69, 71-83, 85-97, 99-116, 118-130, 132-144, 151-168, 173-185, 187-204, 207-219, 225-242, 252-269, 276-293, 300-317, 319-336, 338-350, 352-364, 368-385, 387-399, 415-427, 436-448, 457-474, 488-505, 521-538, 557-569, 579-596, 610-622, 631-648, 657-669",front_running
front_running_buggy_5.sol,"8-20, 23-40, 51-63, 82-94, 100-117, 119-136, 138-155, 158-170, 174-186, 188-205, 209-221, 225-237, 241-253, 271-283, 305-322, 336-353, 370-387, 403-420, 440-457, 476-488, 497-509, 511-523, 526-538, 542-554, 563-575, 588-605, 616-633, 642-659, 668-680, 687-704, 714-726",front_running
front_running_buggy_40.sol,"216-228, 231-243, 246-258, 267-284, 292-309, 323-340, 348-365, 378-395, 414-426, 444-456, 476-493, 517-534, 552-569, 589-601, 623-640, 652-664, 671-683, 685-697, 699-711, 724-741, 749-761, 770-782, 799-811, 818-830",front_running
front_running_buggy_34.sol,"9-26, 29-41, 47-64, 74-86, 186-198, 201-213, 216-233, 235-252, 256-268, 270-287, 289-306, 309-326, 328-340, 342-354, 371-383, 394-406, 437-449, 458-470, 479-491, 508-525, 538-550, 557-569, 591-608, 618-635, 643-660, 666-683, 697-709, 717-729, 738-755, 768-785, 804-821, 839-851, 871-888, 926-938, 960-977, 989-1001",front_running
front_running_buggy_1.sol,"22-34, 41-53, 61-78, 85-102, 108-125, 128-140, 142-154, 160-177, 179-196, 204-221, 223-240, 242-259, 269-281, 290-307, 320-332, 337-354, 361-373, 378-390",front_running
front_running_buggy_20.sol,"32-44, 47-64, 70-82, 93-105, 115-132, 135-147, 160-172, 205-217, 227-239, 263-280, 282-299, 301-313, 315-327, 335-347, 349-361, 363-375, 395-407, 410-427, 431-448, 453-470, 480-497, 506-523, 542-554, 570-582, 591-608, 644-661, 675-692, 697-714, 723-735, 743-760, 771-783",front_running
front_running_buggy_37.sol,"30-42, 47-59, 64-81, 86-98, 108-120, 122-134, 136-148, 150-162, 164-176, 178-195, 197-209, 211-223, 235-252, 260-272, 274-286, 289-301, 307-324, 334-351, 358-375, 384-401, 403-420, 422-434, 436-453, 456-473, 475-492, 507-519, 528-540, 549-566, 580-597, 613-630, 649-661, 671-688, 702-714, 723-740, 749-761",front_running
front_running_buggy_29.sol,"17-29, 34-46, 48-65, 187-199, 204-221, 226-243, 248-265, 270-287, 292-309, 361-373, 375-387, 389-401, 427-444, 476-493, 509-521, 532-549, 556-568, 575-592, 600-612",front_running
front_running_buggy_13.sol,"13-30, 32-49, 51-68, 71-88, 92-104, 106-118, 122-134, 138-150, 154-166, 184-201, 223-240, 254-271, 288-300, 316-333, 353-365, 381-398, 417-429",front_running
front_running_buggy_35.sol,"136-148, 150-167, 171-188, 194-206, 217-234, 243-255, 269-286, 288-300, 302-319, 322-339, 341-358, 360-372, 375-387, 389-406, 408-420, 422-434, 436-448, 450-462, 470-482, 495-507, 517-529, 541-553, 559-571, 577-594, 607-624, 630-647, 656-673, 682-699, 709-721, 726-738, 745-762, 788-805, 815-832, 852-864",front_running
front_running_buggy_14.sol,"72-84, 86-98, 103-115, 117-129, 136-153, 158-175, 181-198, 205-217, 223-235, 240-257, 262-279, 287-304, 314-326, 335-352, 361-373, 379-396, 404-421, 429-441, 449-461, 469-481, 485-502, 512-524",front_running
front_running_buggy_23.sol,"120-132, 135-152, 155-167, 176-188, 198-210, 221-238, 249-266, 281-298, 313-330, 346-363, 379-391, 406-418, 434-451, 466-483, 498-515, 529-541, 561-578, 588-600, 615-627, 629-641, 643-655, 663-680, 688-700, 708-720, 728-740, 754-766",front_running
front_running_buggy_10.sol,"8-20, 22-39, 47-59, 61-73, 83-95, 104-121, 127-139, 144-156",front_running
front_running_buggy_39.sol,"8-25, 28-45, 47-64, 66-78, 82-94, 101-113, 122-139, 141-153, 156-173, 184-196, 211-223",front_running
front_running_buggy_33.sol,"8-25, 27-39, 42-54, 60-77, 87-104, 142-159, 161-173, 175-187, 191-203, 205-217, 219-231, 233-245, 248-260, 262-279, 281-293, 295-307, 315-332, 341-358, 368-385, 397-414, 419-431, 436-453, 459-471, 476-493, 500-512",front_running
front_running_buggy_41.sol,"17-34, 36-53, 55-72, 75-92, 96-108, 110-122, 126-138, 142-154, 158-170, 188-205, 227-244, 258-275, 292-304, 320-337, 357-369, 385-402, 421-433",front_running
front_running_buggy_6.sol,"9-26, 28-45, 47-64, 67-84, 86-98, 100-117, 119-131, 142-154, 160-177, 183-195, 219-231, 237-249, 255-267, 273-285, 291-303, 309-326, 332-349, 357-374, 382-399, 406-423, 430-442, 447-459, 462-474, 476-488, 490-502, 509-521, 527-544, 554-571, 585-602, 612-624",front_running
front_running_buggy_48.sol,"48-60, 62-74, 76-88, 90-102, 104-116, 118-130, 132-144, 146-158, 170-187, 195-212, 214-226, 229-241, 247-264, 274-291, 298-315, 326-343, 345-362, 364-381, 383-395, 398-410, 412-429, 444-461, 470-482, 491-503, 517-534, 542-559, 571-588, 604-616, 635-652, 662-674, 688-705, 714-726",front_running
front_running_buggy_22.sol,"9-26, 32-44, 54-66, 71-83, 85-102, 110-127, 132-144, 150-162, 164-176, 178-190, 192-204, 206-218, 220-237, 239-256, 331-343, 345-357, 359-376, 378-395, 397-409, 411-428, 430-447, 450-467, 470-482, 484-501, 503-515, 517-529, 531-543, 545-557, 599-616, 633-650, 676-693, 731-743, 766-778, 805-822, 850-867, 922-939",front_running
front_running_buggy_46.sol,"21-38, 61-73, 96-113, 127-139, 150-162, 183-195, 215-227",front_running
front_running_buggy_38.sol,"54-71, 73-90, 92-104, 112-124, 129-146, 151-168, 173-190, 196-208, 210-227, 230-242, 244-256, 258-270, 272-284, 286-298, 304-321, 326-343, 348-360, 365-377, 384-401, 419-436, 443-460, 468-480, 502-519, 527-539, 547-564, 571-583, 588-600, 609-621, 628-640",front_running
front_running_buggy_17.sol,"49-66, 72-89, 99-116, 126-143, 145-162, 164-176, 178-190, 193-210, 212-224, 227-239, 242-254, 257-269, 278-295, 303-320, 326-338, 346-358, 366-383, 393-410, 421-433, 435-447, 449-461, 464-476, 478-490, 500-517, 538-555, 564-576, 587-604, 613-625, 634-651, 656-668",front_running
front_running_buggy_4.sol,"29-46, 48-65, 67-84, 87-104, 106-123, 125-137, 140-152, 154-171, 174-191, 193-210, 212-224, 226-243, 272-284, 289-306, 311-323, 348-360, 371-383, 392-404",front_running
front_running_buggy_27.sol,"54-71, 78-95, 109-121, 137-154, 159-176, 181-198, 203-215, 225-242, 244-256, 258-275, 277-294, 296-313, 315-327, 329-341, 343-355, 357-369, 371-383, 387-399, 401-418, 424-436, 441-458, 463-475, 480-492, 499-511, 517-529, 587-599, 606-618, 626-643, 700-717, 725-742, 750-767, 774-791, 796-808, 817-829, 836-853, 860-877, 883-900, 906-918, 924-941, 947-959",front_running
front_running_buggy_2.sol,"8-20, 22-34, 36-48, 51-63, 65-77, 79-96, 98-115, 117-134, 136-153, 155-172, 176-188, 211-223, 245-262, 287-304, 313-330, 338-350, 361-378, 385-397, 405-422, 428-440",front_running
front_running_buggy_47.sol,"13-25, 27-39, 41-53, 57-69, 71-83, 85-97, 104-121, 123-135, 137-154, 157-174, 176-193, 196-208, 211-223, 238-255, 261-278, 290-307, 322-339, 344-361, 366-378, 389-401, 406-423, 429-446, 450-462, 466-483, 486-503, 506-523, 528-540, 542-554, 558-575, 584-596, 606-623, 629-646, 652-669, 677-689, 704-721, 751-763, 769-786, 796-808, 815-827, 833-845",front_running
front_running_buggy_31.sol,"95-112, 115-127, 137-154, 162-179, 195-212, 221-233, 243-260, 277-294, 302-314, 333-345, 347-359, 362-374, 381-398, 419-431, 438-450",front_running
front_running_buggy_15.sol,"13-30, 32-49, 51-68, 71-88, 92-104, 106-118, 122-134, 138-150, 154-166, 184-201, 223-240, 254-271, 288-300, 316-333, 353-365, 381-398, 417-429",front_running
front_running_buggy_26.sol,"63-75, 77-89, 91-103, 105-117, 119-131, 133-150, 159, 159-160, 160-161, 161-162, 162-163, 163-164, 164-165, 165-166, 166-167, 167-168, 168-169, 169-170, 170-171, 171-176, 192-204, 210-227, 232-249, 253-270, 275-287, 292-304, 310-327, 332-349, 355-372, 379-391, 397-414, 420-432, 442-459, 467-479, 483-495",front_running
front_running_buggy_25.sol,"13-25, 46-58, 69-81, 85-102, 104-116, 118-135, 137-149, 151-163, 165-177, 179-191, 198-215, 221-238, 252-269, 286-303, 344-361, 396-408, 420-432, 438-455, 461-478, 484-501, 509-521",front_running
front_running_buggy_16.sol,"52-69, 71-88, 90-102, 104-121, 123-140, 142-159, 161-173, 175-192, 199-211, 221-233, 252-264, 273-290, 293-305, 307-324, 326-343, 345-362, 365-377, 380-392, 407-424, 429-441, 447-459, 464-476, 492-504, 514-526, 531-543, 549-566, 581-598, 603-620, 626-643, 651-668, 685-697, 702-714, 721-738, 744-761, 770-787, 795-807, 814-831, 833-845, 847-859, 861-873",front_running
front_running_buggy_49.sol,"8-25, 28-45, 47-64, 66-78, 82-94, 101-113, 122-139, 141-153, 156-173, 184-196, 211-223",front_running
front_running_buggy_45.sol,"9-21, 23-40, 42-54, 56-73, 75-87, 89-101, 104-116, 118-130, 148-165, 167-179, 181-193, 196-213, 216-228, 231-243, 245-257, 259-271, 274-286, 288-300, 336-353, 360-377, 385-402, 409-426, 436-453, 463-475, 501-513, 518-535, 543-560, 565-582",front_running
reentrancy_buggy_19.sol,"58-63, 72-79, 96-103, 109-116, 122-129, 135-142, 155-162, 171-179, 190-197, 203-211, 217-226, 232-239, 245-252, 258-264, 270-277, 283-290, 296-303, 309-316, 322-329, 335-340, 346-353, 359-363, 369-376, 382-391, 397-406, 412-419, 425-431, 437-445",reentrancy
reentrancy_buggy_18.sol,"62-69, 71-77, 79-84, 86-94, 96-103, 105-111, 111-112, 112-113, 113-114, 114-116, 122-129, 143-150, 163-169, 175-182, 192-199, 207-214, 245-252, 254-258, 260-267, 269-276, 278-284, 286-294, 296-300, 303-310, 312-319, 322-330, 358-365, 391-398, 420-428, 461-468, 474-482, 488-497, 502-509, 518-525, 532-538, 546-553, 562-569, 578-585, 609-616, 632-639, 662-667, 677-684, 698-702, 711-718, 727-736",reentrancy
reentrancy_buggy_9.sol,"55-62, 68-75, 87-94, 96-103, 105-113, 116-123, 125-133, 137-146, 148-155, 159-166, 170-176, 180-188, 222-228, 236-243, 253-260, 271-278, 289-296, 311-318, 333-338, 353-360, 375-379, 396-403, 418-427, 437-446",reentrancy
reentrancy_buggy_42.sol,"8-15, 17-24, 27-34, 40-47, 57-63, 101-108, 110-117, 119-126, 130-137, 139-146, 148-156, 158-165, 168-176, 178-187, 189-195, 197-205, 213-220, 229-236, 245-252, 264-269, 274-281, 286-290, 296-303, 308-317, 324-333",reentrancy
reentrancy_buggy_43.sol,"10-19, 27-34, 41-48, 50-55, 58-65, 75-82, 89-96, 104-111, 118-126, 133-140, 147-155, 160-169, 174-181, 186-193, 231-237, 261-268, 304-311, 314-320, 329-336, 343-350, 358-365, 387-394, 399-406, 411-416, 427-435, 463-470, 481-485, 494-501, 510-519",reentrancy
reentrancy_buggy_32.sol,"49-56, 58-65, 67-74, 76-83, 85-92, 102-110, 112-119, 121-129, 139-144, 157-164, 179-183, 195-202, 212-221, 226-232, 234-242, 251-260, 262-269, 271-278, 280-286, 295-304, 312-319",reentrancy
reentrancy_buggy_30.sol,"325-332, 338-342, 353-360, 374-381, 395-401, 407-415, 430-434, 441-448, 454-461, 469-476, 494-500, 523-528, 551-559, 582-589, 607-612, 623-630, 648-655, 676-683, 713-720, 722-731, 739-746, 756-763, 768-775, 780-788, 794-801, 807-815, 821-830, 832-839, 847-856, 866-873, 878-885, 890-896, 902-909, 915-922, 927-933, 937-945, 954-961, 967-974, 993-1000, 1007-1012, 1025-1032, 1038-1042",reentrancy
reentrancy_buggy_36.sol,"9-13, 19-26, 36-43, 48-55, 57-61, 69-76, 81-88, 94-101, 103-110, 112-120, 122-129, 131-139, 141-150, 152-159, 234-241, 243-250, 252-259, 261-267, 269-274, 276-284, 286-293, 296-301, 304-311, 313-322, 324-333, 335-342, 344-350, 352-360, 402-409, 426-432, 458-465, 503-510, 533-540, 567-574, 602-609, 664-669",reentrancy
reentrancy_buggy_44.sol,"10-19, 27-34, 41-49, 51-58, 61-70, 80-87, 94-101, 109-116, 123-130, 137-144, 151-159, 164-171, 176-184, 189-198, 206-213, 215-221, 230-237, 243-250, 288-294, 318-325, 361-366, 388-395, 400-407, 412-419, 431-439, 473-480, 491-496, 505-512, 521-525, 534-541",reentrancy
reentrancy_buggy_50.sol,"10-17, 20-27, 30-37, 40-47, 56-64, 67-74, 77-83, 86-94, 111-119, 132-141, 149-156, 162-169, 177-183, 189-196, 202-209, 215-222, 229-236, 243-250, 260-265, 271-278, 284-288, 299-306, 326-335, 354-363, 369-376",reentrancy
reentrancy_buggy_8.sol,"8-13, 16-25, 36-44, 63-70, 76-84, 86-93, 95-100, 103-110, 114-121, 123-130, 134-143, 147-154, 158-164, 182-190, 212-221, 235-242, 259-266, 282-288, 308-315, 334-341, 350-357, 359-366, 369-376, 380-388, 397-404, 417-424, 435-442, 451-456, 465-472, 479-483, 493-500",reentrancy
reentrancy_buggy_24.sol,"228-235, 237-241, 243-250, 252-259, 261-267, 269-277, 279-283, 285-292, 294-301, 303-310, 313-319, 321-326, 328-336, 338-345, 347-352, 372-379, 390-397, 422-429, 440-447, 452-459, 473-480, 509-517, 550-557, 572-580, 590-599, 609-616, 626-633, 693-699, 721-728, 752-759, 769-776, 786-793, 804-811, 830-835, 841-848, 870-874, 896-903, 925-934, 986-995, 1003-1010, 1048-1054, 1066-1074",reentrancy
reentrancy_buggy_21.sol,"5-12, 14-21, 23-29, 31-38, 75-83, 86-93, 96-103, 106-113, 116-123, 153-160, 163-170, 173-180, 183-191, 194-201, 204-212, 215-224, 237-244, 253-260, 268-275, 287-292, 315-322, 341-345, 358-365, 513-522, 536-545, 551-558, 563-569",reentrancy
reentrancy_buggy_12.sol,"98-106, 108-115, 117-122, 124-131, 133-140, 142-157, 159-165, 172-179, 184-191, 193-200, 202-219, 228-236, 264-271, 299-307, 312-321, 329-333, 341-348, 358-365, 367-374, 376-383, 389-395, 398-403, 411-418, 425-431, 437-444, 449-456, 461-468, 474-481, 486-493, 498-503, 507-514, 520-524, 538-545, 550-559, 567-576",reentrancy
reentrancy_buggy_7.sol,"9-14, 16-24, 26-33, 36-40, 42-49, 51-60, 62-71, 82-89, 95-102, 108-115, 139-146, 152-159, 165-173, 179-186, 192-200, 206-215, 221-228, 236-243, 251-257, 264-271, 278-285, 290-295, 297-304, 307-314, 316-322, 324-332, 339-346, 352-359, 370-377, 392-397, 408-415",reentrancy
reentrancy_buggy_28.sol,"54-61, 63-68, 70-77, 85-93, 98-107, 112-119, 124-131, 137-144, 146-153, 156-163, 165-172, 174-181, 183-191, 193-200, 206-212, 217-224, 229-236, 241-248, 255-262, 280-287, 294-299, 307-314, 336-340, 348-355, 363-372, 379-388, 393-400, 409-415, 422-430",reentrancy
reentrancy_buggy_3.sol,"8-15, 17-23, 25-33, 36-44, 46-53, 55-63, 65-74, 76-83, 86-93, 95-101, 105-112, 135-142, 164-171, 196-203, 212-219, 227-232, 237-244, 255-259, 266-273, 281-290, 296-305",reentrancy
reentrancy_buggy_11.sol,"29-36, 38-45, 47-55, 57-64, 66-74, 76-85, 87-94, 96-102, 109-116, 121-129, 131-138, 141-149, 155-162, 172-178, 185-192, 199-204, 206-213, 215-222, 224-231, 236-243, 259-266, 275-282, 291-298, 312-319, 335-340, 359-366, 376-380, 394-401, 410-419, 428-437",reentrancy
reentrancy_buggy_5.sol,"8-13, 16-25, 36-44, 63-70, 76-84, 86-93, 95-100, 103-110, 114-121, 123-130, 134-143, 147-154, 158-164, 182-190, 212-221, 235-242, 259-266, 282-288, 308-315, 334-341, 350-357, 359-366, 369-376, 380-388, 397-404, 417-424, 435-442, 451-456, 465-472, 479-483, 493-500",reentrancy
reentrancy_buggy_40.sol,"216-223, 226-233, 236-243, 252-261, 269-276, 290-297, 305-311, 324-331, 350-357, 375-382, 402-409, 433-440, 458-463, 483-490, 512-516, 528-535, 542-550, 552-559, 561-569, 582-591, 599-608, 617-624, 641-647, 654-662",reentrancy
reentrancy_buggy_34.sol,"9-13, 16-23, 29-36, 46-53, 153-160, 163-170, 173-180, 182-188, 192-197, 199-207, 209-216, 219-224, 226-233, 235-242, 259-266, 277-284, 315-323, 332-339, 348-356, 373-382, 395-401, 408-416, 438-445, 455-462, 470-476, 482-489, 503-510, 518-525, 534-541, 554-561, 580-585, 603-610, 630-634, 672-679, 701-710, 722-731",reentrancy
reentrancy_buggy_1.sol,"22-29, 36-43, 51-58, 65-72, 78-83, 86-92, 94-102, 108-117, 119-126, 134-141, 143-149, 151-158, 168-175, 184-188, 201-208, 213-222, 229-238, 243-250",reentrancy
reentrancy_buggy_20.sol,"32-37, 40-49, 55-62, 73-80, 90-98, 101-110, 123-130, 163-171, 181-188, 212-219, 221-226, 228-235, 237-244, 252-259, 261-267, 269-277, 297-305, 308-317, 321-328, 333-340, 350-356, 365-372, 391-398, 414-421, 430-437, 473-480, 494-501, 506-511, 520-527, 535-539, 550-557",reentrancy
reentrancy_buggy_37.sol,"30-37, 42-49, 54-61, 66-73, 83-90, 92-99, 101-109, 111-118, 120-128, 130-139, 141-148, 150-156, 168-175, 183-190, 192-199, 202-210, 216-223, 233-239, 246-253, 262-268, 270-275, 277-285, 287-294, 298-303, 318-325, 334-341, 350-357, 371-378, 394-399, 418-425, 435-439, 453-460, 469-478, 487-496",reentrancy
reentrancy_buggy_29.sol,"17-24, 29-36, 38-45, 167-175, 180-189, 194-201, 206-213, 218-224, 229-236, 288-295, 297-303, 305-313, 339-346, 378-383, 399-406, 417-421, 428-435, 442-451, 459-468",reentrancy
reentrancy_buggy_13.sol,"13-20, 22-29, 31-37, 40-47, 51-58, 60-67, 71-78, 82-88, 92-100, 118-125, 147-154, 168-173, 190-197, 213-217, 237-244, 260-269, 288-297",reentrancy
reentrancy_buggy_35.sol,"136-143, 145-152, 156-160, 166-173, 184-191, 200-207, 221-227, 229-234, 236-244, 247-254, 256-261, 263-270, 273-280, 282-291, 293-302, 304-311, 313-319, 321-329, 337-344, 357-364, 374-382, 394-401, 407-415, 421-430, 443-450, 456-463, 472-478, 487-494, 504-511, 516-523, 530-537, 563-570, 580-585, 605-612",reentrancy
reentrancy_buggy_14.sol,"72-79, 81-89, 94-101, 103-111, 118-125, 130-136, 142-149, 156-163, 169-176, 181-188, 193-200, 208-213, 223-230, 239-243, 252-259, 265-274, 282-291, 299-308, 316-323, 331-337, 341-348, 358-366",reentrancy
reentrancy_buggy_23.sol,"120-127, 130-137, 140-147, 156-163, 173-181, 192-201, 212-219, 234-241, 256-262, 278-285, 301-308, 323-330, 346-353, 368-375, 390-395, 409-416, 436-440, 450-457, 472-479, 481-488, 490-498, 506-515, 523-532, 540-547, 555-561, 575-583",reentrancy
reentrancy_buggy_10.sol,"8-15, 17-21, 29-35, 37-45, 55-62, 71-80, 86-95, 100-107",reentrancy
reentrancy_buggy_39.sol,"8-15, 18-25, 27-32, 34-41, 45-51, 58-65, 74-83, 85-93, 96-100, 111-120, 135-142",reentrancy
reentrancy_buggy_33.sol,"8-15, 17-24, 27-34, 40-47, 57-63, 101-108, 110-117, 119-126, 130-137, 139-146, 148-156, 158-165, 168-176, 178-187, 189-195, 197-205, 213-220, 229-236, 246-253, 265-270, 275-282, 287-291, 297-304, 309-318, 325-334",reentrancy
reentrancy_buggy_41.sol,"17-24, 26-33, 35-41, 44-51, 55-62, 64-71, 75-82, 86-92, 96-104, 122-129, 151-158, 172-177, 194-201, 217-221, 241-248, 264-273, 292-301",reentrancy
reentrancy_buggy_6.sol,"9-17, 19-26, 28-33, 36-40, 42-49, 51-60, 62-71, 82-89, 95-102, 108-115, 139-146, 152-159, 165-173, 179-186, 192-200, 206-215, 221-228, 236-243, 251-257, 264-271, 278-285, 290-297, 300-307, 309-315, 317-325, 332-339, 345-352, 362-369, 383-388, 398-405",reentrancy
reentrancy_buggy_48.sol,"48-55, 57-64, 66-73, 75-83, 85-92, 94-102, 104-111, 113-119, 131-140, 148-153, 155-163, 166-174, 180-187, 197-204, 211-217, 228-235, 237-242, 244-251, 253-260, 264-271, 286-293, 302-309, 318-325, 339-346, 354-361, 373-378, 394-401, 420-424, 434-441, 455-464, 473-482",reentrancy
reentrancy_buggy_22.sol,"9-13, 19-26, 36-43, 48-55, 57-61, 69-76, 81-88, 94-101, 103-110, 112-120, 122-129, 131-139, 141-150, 152-159, 234-241, 243-250, 252-259, 261-267, 269-274, 276-284, 286-293, 296-301, 304-311, 313-322, 324-333, 335-342, 344-350, 352-360, 402-409, 426-432, 458-465, 503-510, 533-540, 567-574, 602-609, 664-669",reentrancy
reentrancy_buggy_46.sol,"21-25, 48-55, 78-87, 101-110, 121-128, 149-155, 175-183",reentrancy
reentrancy_buggy_38.sol,"54-61, 63-68, 70-77, 85-93, 98-107, 112-119, 124-131, 137-144, 146-153, 156-163, 165-172, 174-181, 183-191, 193-200, 206-212, 217-224, 229-236, 241-248, 255-262, 280-287, 294-299, 307-314, 336-340, 348-355, 363-372, 379-388, 393-400, 409-415, 422-430",reentrancy
reentrancy_buggy_17.sol,"49-57, 63-70, 80-87, 97-104, 106-111, 113-120, 122-129, 132-139, 141-148, 151-158, 161-167, 170-178, 187-193, 201-208, 214-221, 229-236, 244-251, 261-268, 279-286, 288-295, 297-305, 308-315, 317-325, 335-344, 365-370, 379-386, 397-401, 410-417, 426-435, 440-449",reentrancy
reentrancy_buggy_4.sol,"29-38, 40-47, 49-56, 59-65, 67-74, 76-83, 86-93, 95-102, 105-112, 114-119, 121-128, 130-134, 163-170, 175-184, 189-198, 223-230, 241-247, 256-264",reentrancy
reentrancy_buggy_27.sol,"54-63, 70-76, 90-95, 111-119, 124-131, 136-141, 146-153, 160-167, 170-174, 176-183, 185-192, 194-200, 202-210, 212-216, 218-225, 227-236, 238-245, 247-253, 255-263, 267-274, 276-283, 289-296, 301-308, 313-320, 325-332, 339-346, 352-360, 418-425, 432-440, 448-457, 514-521, 529-536, 544-550, 557-564, 569-576, 585-592, 599-606, 613-620, 626-631, 637-644, 650-654, 660-667",reentrancy
reentrancy_buggy_2.sol,"8-15, 17-23, 25-33, 36-43, 45-53, 55-64, 66-73, 75-82, 84-90, 92-99, 103-110, 133-140, 162-169, 194-201, 210-215, 223-230, 241-245, 252-259, 267-276, 282-291",reentrancy
reentrancy_buggy_47.sol,"13-20, 22-29, 31-38, 42-50, 52-59, 61-69, 76-83, 85-92, 94-100, 103-111, 113-117, 120-127, 130-137, 152-161, 167-174, 186-193, 208-214, 219-226, 231-238, 249-256, 261-268, 274-280, 284-289, 293-301, 304-311, 314-319, 324-331, 333-340, 344-351, 360-368, 378-385, 391-398, 404-409, 417-424, 439-443, 473-480, 486-495, 505-514, 521-528, 534-540",reentrancy
reentrancy_buggy_31.sol,"95-101, 104-110, 120-127, 135-142, 158-163, 172-179, 189-193, 210-217, 225-232, 251-258, 260-267, 270-278, 285-294, 315-324, 331-338",reentrancy
reentrancy_buggy_15.sol,"13-20, 22-29, 31-37, 40-47, 51-58, 60-67, 71-78, 82-88, 92-100, 118-125, 147-154, 168-173, 190-197, 213-217, 237-244, 260-269, 288-297",reentrancy
reentrancy_buggy_26.sol,"63-70, 72-79, 81-89, 91-98, 100-108, 110-119, 128-134, 136-143, 145-153, 159-166, 171-177, 181-188, 193-200, 205-212, 218-225, 230-237, 243-248, 255-262, 268-272, 278-285, 295-304, 312-321, 325-332",reentrancy
reentrancy_buggy_25.sol,"13-21, 42-49, 60-68, 72-76, 78-85, 87-96, 98-107, 109-116, 118-124, 126-134, 141-150, 156-163, 177-184, 201-207, 248-255, 290-297, 309-316, 322-329, 335-342, 348-353, 361-368",reentrancy
reentrancy_buggy_16.sol,"52-59, 61-67, 69-74, 76-84, 86-93, 95-100, 102-109, 111-120, 126-133, 135-144, 154-161, 180-187, 195-199, 201-208, 211-218, 220-226, 228-236, 238-242, 245-252, 255-262, 277-284, 289-296, 302-309, 314-321, 337-345, 355-362, 367-375, 381-390, 405-412, 417-424, 430-436, 444-451, 468-475, 480-487, 494-501, 507-514, 523-528, 536-543, 550-554, 556-563, 565-571, 573-581",reentrancy
reentrancy_buggy_49.sol,"8-15, 18-25, 27-32, 34-41, 45-51, 58-65, 74-83, 85-93, 96-100, 111-120, 135-142",reentrancy
reentrancy_buggy_45.sol,"9-16, 18-22, 24-31, 33-42, 44-53, 55-62, 65-71, 73-81, 99-104, 106-113, 115-122, 125-132, 135-142, 145-152, 154-161, 163-171, 174-181, 183-191, 227-236, 243-250, 258-265, 272-278, 288-295, 305-312, 338-345, 350-357, 365-372, 377-382",reentrancy
time_manipulation_buggy_19.sol,"58-60, 69-71, 80, 89-93, 99-101, 107-109, 115-119, 132-135, 144-152, 163-171, 177-180, 186-194, 200-204, 210-214, 220-223, 229-232, 238-246, 252-256, 262-270, 276-280, 286-294, 300-302, 308-312, 318-322, 328-330, 336, 342, 348, 354",time_manipulation
time_manipulation_buggy_18.sol,"62-65, 67-75, 77-81, 83-85, 87-90, 92, 92-94, 97, 111-113, 126, 132-136, 142, 147-149, 157-159, 189-192, 194-196, 198-201, 203-211, 213-221, 223-225, 227-231, 233-241, 243-246, 248-250, 252-255, 258, 286-290, 316-319, 341-349, 382-390, 396-399, 405-413, 418-422, 431-435, 442-445, 453-456, 465-473, 482-486, 510-518, 534-538, 561-569, 579-581, 595-599, 608-612, 621-623",time_manipulation
time_manipulation_buggy_9.sol,"55-57, 63-67, 73, 80-82, 84-88, 90-93, 96-104, 106-114, 118-121, 123-131, 135, 139, 143, 153, 178-182, 190-193, 203-206, 217-225, 236-240, 255-263, 278-282, 297-305, 320-322, 339-343, 358-362, 372-374",time_manipulation
time_manipulation_buggy_42.sol,"8-10, 12-14, 17, 23-27, 33, 38-41, 79-82, 84-92, 94-98, 102-106, 108-111, 113-121, 123-131, 134-137, 139-147, 149, 151, 159-163, 172-180, 189-193, 205-213, 218-220, 225-229, 235-239, 244-246, 253",time_manipulation
time_manipulation_buggy_43.sol,"10, 18-20, 27-30, 32-34, 37, 47-49, 56-60, 68-71, 78-86, 93-101, 108-111, 116-124, 129-133, 138-142, 180-183, 207-210, 246-248, 251, 260-268, 275-279, 287-291, 306, 314-322, 327-331, 336-344, 355, 383-385, 396-400, 409-413, 422-424",time_manipulation
time_manipulation_buggy_32.sol,"49-57, 59-63, 65-73, 75-79, 81-89, 99-107, 109-112, 114-122, 132-134, 147-151, 166-170, 182-184, 194, 199, 201, 210-214, 216-220, 222-225, 227-230, 239, 247",time_manipulation
time_manipulation_buggy_30.sol,"300-303, 309-311, 317-320, 336-344, 350-358, 369-371, 385-389, 403-411, 417-420, 435-437, 444-447, 453-456, 464-472, 490-494, 517-519, 542-545, 568-570, 588-590, 601-605, 623-625, 646-648, 678-680, 682, 690-694, 704-707, 712-720, 725-733, 739-742, 748-756, 762, 764, 772-776, 786-790, 795-798, 803-806, 812-820, 826-830, 835, 839, 848-856, 862-866, 885-893, 900-902, 915-919, 925-929",time_manipulation
time_manipulation_buggy_36.sol,"9-11, 17-21, 31-33, 38-42, 44-48, 56-58, 63-67, 73-76, 78-86, 88-96, 98-101, 103-111, 113-117, 119-123, 198-201, 203-206, 208-216, 218-222, 224-226, 228-231, 233-235, 238-240, 243-245, 247, 249, 251, 253, 255, 297-300, 317-320, 346-354, 392-396, 419-427, 454-458, 486-494, 549-551",time_manipulation
time_manipulation_buggy_44.sol,"10, 18-22, 29-32, 34-36, 39, 49-51, 58-60, 68-72, 79-82, 89-97, 104-112, 117-120, 125-133, 138-142, 150, 152, 161-165, 171-174, 212-215, 239-247, 283-285, 307-311, 316-324, 329-333, 345, 379-387, 398-400, 409-413, 422-426, 435-437",time_manipulation
time_manipulation_buggy_50.sol,"10-12, 15-17, 20-24, 27-30, 39-47, 50-58, 61, 64, 81-84, 91, 98-106, 114-118, 124-128, 136-139, 145-148, 154-162, 168-172, 179-187, 194-198, 208-216, 222-224, 230-234, 245-249, 269-271, 290, 296",time_manipulation
time_manipulation_buggy_8.sol,"8-10, 13, 24-32, 51-54, 60-63, 65-67, 69-71, 74-78, 82-84, 86-88, 92, 96, 100, 118-126, 148-152, 166-170, 187-190, 206-209, 229-237, 256-260, 269-273, 275-278, 281-289, 293, 302-310, 323-327, 338-346, 355-357, 366-370, 377-381, 391-393",time_manipulation
time_manipulation_buggy_24.sol,"226-229, 232-234, 236-239, 241-249, 251-259, 261-263, 265-269, 271-279, 281-284, 286-288, 290-293, 296-299, 301-309, 311-315, 317-319, 321-324, 344-346, 357-359, 370, 376, 386-390, 401-403, 408-410, 424-428, 457-460, 493-501, 516-524, 534-537, 547-555, 565-569, 629-633, 655-658, 682-685, 695-703, 713-717, 728-736, 755-759, 765-773, 795-797, 819-823, 845-849, 901-903, 911, 949, 961",time_manipulation
time_manipulation_buggy_21.sol,"5-9, 11-15, 17-20, 22-25, 62, 65-67, 70-74, 77-79, 82-84, 114-122, 125-129, 132-135, 138-146, 149-157, 160-163, 166-174, 181, 188-192, 201-209, 217-221, 233-241, 264-266, 285-289, 302-306, 454-456, 470, 476, 481",time_manipulation
time_manipulation_buggy_12.sol,"98-102, 104-106, 108-111, 113-115, 117-119, 121, 121-125, 128, 135-137, 142-144, 146-150, 152, 152-155, 165-169, 197-205, 233-241, 246-249, 257-265, 273-281, 287, 292-295, 297-299, 301-304, 310-313, 316-324, 332-336, 343-347, 353-356, 361-364, 369-377, 383-387, 392-400, 405-409, 413-421, 427-429, 439, 444-448, 453-457, 465-467",time_manipulation
time_manipulation_buggy_7.sol,"9-11, 13-16, 18-20, 23-27, 29-31, 33, 35, 46-48, 54-56, 62-66, 90-93, 99-107, 113-121, 127-130, 136-144, 150-154, 160-164, 172-175, 183-186, 193-201, 208-212, 217-219, 221-225, 228, 230, 232, 239-247, 253-257, 268-276, 291-293, 304-308",time_manipulation
time_manipulation_buggy_28.sol,"54-56, 58-60, 62-66, 74-82, 87-91, 96-100, 105-108, 114-116, 118-120, 123-127, 129-132, 134-142, 144-152, 154-157, 163-166, 171-179, 184-188, 193-201, 208-212, 230-238, 245-247, 255-259, 281-285, 293-295, 303, 310, 315, 324, 331",time_manipulation
time_manipulation_buggy_3.sol,"8, 10, 12, 15-23, 25-28, 30-38, 40-44, 46-50, 53-56, 58-61, 65-73, 96-100, 122-130, 155-159, 168-176, 184-186, 191-195, 206-210, 217-219, 227, 233",time_manipulation
time_manipulation_buggy_11.sol,"29-33, 35-38, 40-48, 50-58, 60-63, 65-73, 75, 77, 84-88, 93-97, 99-101, 104, 110-114, 120, 125-128, 135-138, 145-148, 150-152, 154-156, 158-162, 166-168, 170-172, 188-196, 205-209, 218-226, 240-244, 260-268, 287-289, 299-303, 317-321, 330-332, 341",time_manipulation
time_manipulation_buggy_5.sol,"8-10, 13, 24-32, 51-54, 60-63, 65-67, 69-71, 74-78, 82-84, 86-88, 92, 96, 100, 118-126, 148-152, 166-170, 187-190, 206-209, 229-237, 256-260, 269-273, 275-278, 281-289, 293, 302-310, 323-327, 338-346, 355-357, 366-370, 377-381, 391-393",time_manipulation
time_manipulation_buggy_40.sol,"216-220, 223-226, 229-237, 246-250, 258-262, 276-279, 287-290, 303-311, 330-334, 352-360, 380-384, 408-416, 434-436, 456-460, 482-486, 498-500, 507-515, 517-520, 522-530, 543, 551, 560, 577, 584",time_manipulation
time_manipulation_buggy_34.sol,"9-17, 20, 26-30, 36, 41-43, 143-146, 149-151, 154-157, 159-162, 166-174, 176-180, 182-184, 187-190, 192-194, 196-198, 215-217, 228-232, 263-266, 275-283, 292-300, 317-320, 326, 334, 341, 363-371, 381-385, 393-397, 403-406, 420-423, 431-439, 448-452, 465-473, 492-496, 514-522, 542-544, 582-586, 608-612, 624-626",time_manipulation
time_manipulation_buggy_1.sol,"22-26, 33-41, 49-53, 60-68, 74-76, 79, 81, 87-91, 93-97, 105-108, 110-113, 115-123, 133-137, 146-150, 163-165, 170, 177, 182",time_manipulation
time_manipulation_buggy_20.sol,"32-34, 37, 43-47, 58-61, 71-74, 77, 90-98, 131-139, 149-152, 176-178, 180-182, 184-188, 190-192, 200, 202, 204, 224-232, 235-239, 243-247, 252-255, 265-268, 277-285, 304-308, 324-332, 341-345, 381-383, 397-405, 410-412, 421-425, 433-437, 448-450",time_manipulation
time_manipulation_buggy_37.sol,"30-32, 37-41, 46-48, 53-55, 65-69, 71-74, 76-84, 86-94, 96-99, 101-109, 111, 113, 125-129, 137-139, 141-144, 147, 153-157, 163, 168-171, 178-181, 190-193, 195-203, 205-209, 211-213, 216-219, 221-223, 238-246, 255-259, 268-276, 290-294, 310-318, 337-339, 349-353, 367-371, 380-382, 391",time_manipulation
time_manipulation_buggy_29.sol,"17-20, 25-33, 35-39, 161-169, 174-177, 182-190, 195-199, 204-208, 213-216, 268, 270, 272, 283, 291, 300-308, 340-344, 360-368, 379-381, 388-392, 399-403, 411-413",time_manipulation
time_manipulation_buggy_13.sol,"13-17, 19-22, 24-27, 30-38, 42-46, 48-56, 60, 64, 68, 86-90, 112-120, 134-136, 153-157, 173-177, 197-199, 215, 234",time_manipulation
time_manipulation_buggy_35.sol,"136-139, 141-149, 153-157, 163-165, 176-178, 187-191, 205-209, 211-213, 215-218, 221-223, 225-227, 229-233, 236-238, 240, 242, 244, 246, 248, 256-259, 272-280, 290-298, 310-313, 319-327, 333-337, 350-354, 360-363, 372-375, 384-392, 402-406, 411-419, 426-430, 456-464, 474-476, 496-500",time_manipulation
time_manipulation_buggy_14.sol,"72-80, 82-90, 95-98, 100-108, 115-118, 123-126, 132-140, 147-151, 157-165, 170-174, 179-187, 195-197, 207-211, 220-224, 233-235, 241-245, 253, 261, 269, 277, 281-285, 295",time_manipulation
time_manipulation_buggy_23.sol,"120-122, 125-127, 130-134, 143-146, 156-164, 175-179, 190-194, 209-212, 227-230, 246-254, 270-274, 289-297, 313-317, 332-340, 355-357, 371-375, 395-399, 409-411, 426-429, 431-439, 441-449, 457, 465, 473, 481, 495",time_manipulation
time_manipulation_buggy_10.sol,"8-10, 12-16, 23, 25, 27, 37-41, 50-52, 58, 63",time_manipulation
time_manipulation_buggy_39.sol,"8-12, 15-23, 25-27, 29-33, 37, 44-46, 55, 57, 60-64, 75, 90",time_manipulation
time_manipulation_buggy_33.sol,"8-10, 12-14, 17, 23-27, 33, 38-41, 79-82, 84-92, 94-98, 102-106, 108-111, 113-121, 123-131, 134-137, 139-147, 149, 151, 159-163, 172-180, 190-194, 206-214, 219-221, 226-230, 236-240, 245-247, 254",time_manipulation
time_manipulation_buggy_41.sol,"17-21, 23-26, 28-31, 34-42, 46-50, 52-60, 64, 68, 72, 90-94, 116-124, 138-140, 157-161, 177-181, 201-203, 219, 238",time_manipulation
time_manipulation_buggy_6.sol,"9-12, 14-16, 18-20, 23-27, 29-31, 33, 35, 46-48, 54-56, 62-66, 90-93, 99-107, 113-121, 127-130, 136-144, 150-154, 160-164, 172-175, 183-186, 193-201, 208-212, 217-221, 224, 226, 228, 235-243, 249-253, 263-271, 285-287, 297-301",time_manipulation
time_manipulation_buggy_48.sol,"48-50, 52-56, 58-61, 63-71, 73-81, 83-86, 88, 90, 102-110, 118-126, 128-132, 135, 141-145, 151, 156-160, 167-170, 181-183, 185-188, 190-192, 194-196, 199-203, 205-207, 222-225, 234-242, 251-255, 269-277, 285-289, 301-309, 325-327, 346-350, 360-364, 378-380, 389",time_manipulation
time_manipulation_buggy_22.sol,"9-11, 17-21, 31-33, 38-42, 44-48, 56-58, 63-67, 73-76, 78-86, 88-96, 98-101, 103-111, 113-117, 119-123, 198-201, 203-206, 208-216, 218-222, 224-226, 228-231, 233-235, 238-240, 243-245, 247, 249, 251, 253, 255, 297-300, 317-320, 346-354, 392-396, 419-427, 454-458, 486-494, 549-551",time_manipulation
time_manipulation_buggy_46.sol,"21-25, 48-50, 73, 87, 98, 119, 139",time_manipulation
time_manipulation_buggy_38.sol,"54-56, 58-60, 62-66, 74-82, 87-91, 96-100, 105-108, 114-116, 118-120, 123-127, 129-132, 134-142, 144-152, 154-157, 163-166, 171-179, 184-188, 193-201, 208-212, 230-238, 245-247, 255-259, 281-285, 293-295, 303, 310, 315, 324, 331",time_manipulation
time_manipulation_buggy_17.sol,"49-51, 57-61, 67, 72-76, 86-89, 91-93, 95-97, 99-103, 106-108, 110-112, 115, 118, 121, 130-133, 141-144, 150-158, 166-170, 178-186, 196-200, 211-215, 217-220, 222-230, 233-241, 243-246, 256-264, 285-293, 302-304, 315-319, 328-332, 341-343, 348",time_manipulation
time_manipulation_buggy_4.sol,"29-37, 39-43, 45-49, 52-55, 57-60, 62-70, 73-77, 79-87, 90-94, 96-104, 106-108, 110-114, 121, 144-148, 153-155, 160, 185, 196, 205",time_manipulation
time_manipulation_buggy_27.sol,"54, 61-65, 79-81, 89-92, 94-96, 104-107, 112-114, 119-121, 126-130, 136-139, 141-149, 152-160, 162-164, 166-170, 172-180, 182-185, 187-189, 191-194, 196, 198, 200, 202, 206-209, 211-219, 225-227, 232-234, 239-243, 248-251, 258-266, 272-280, 338-341, 348-356, 364-368, 425-429, 437-440, 448-451, 458-466, 471-475, 484-492, 499-503, 510-518, 524-526, 532-536, 542-546, 552-554",time_manipulation
time_manipulation_buggy_2.sol,"8, 10, 12, 15-18, 20-28, 30-34, 36-40, 42-45, 47-50, 52-60, 64-68, 91-99, 121-125, 150-158, 167-169, 177-181, 192-196, 203-205, 213, 219",time_manipulation
time_manipulation_buggy_47.sol,"13-15, 17-21, 23-26, 30-38, 40-48, 50-53, 60-68, 70-72, 74-78, 81-89, 91-94, 97-99, 102-105, 120-128, 134-138, 150-154, 169-172, 177-180, 185-193, 204-208, 213-216, 222-230, 234-238, 242-244, 247-250, 253-255, 260-262, 264-268, 272-274, 282, 284, 294-302, 308-312, 318-326, 334-336, 351-355, 385-389, 395-397, 407, 414, 420",time_manipulation
time_manipulation_buggy_31.sol,"95-99, 102, 112-116, 124-132, 141, 149-153, 162-170, 180-182, 199-202, 210-214, 229, 234-237, 239-247, 250, 257-261, 282-284, 291",time_manipulation
time_manipulation_buggy_15.sol,"13-17, 19-22, 24-27, 30-38, 42-46, 48-56, 60, 64, 68, 86-90, 112-120, 134-136, 153-157, 173-177, 197-199, 215, 234",time_manipulation
time_manipulation_buggy_26.sol,"63-66, 68-76, 78-86, 88-91, 93-101, 103-107, 116, 116-120, 124, 130-133, 138-141, 145-153, 158-162, 167-175, 181-185, 190-198, 204-206, 213-217, 223-227, 233-235, 245, 253, 257",time_manipulation
time_manipulation_buggy_25.sol,"13-21, 42-45, 56-64, 68-72, 74-76, 78, 80, 82, 84, 86, 93-97, 103-107, 121-124, 141-144, 185-193, 228-232, 244-252, 258-262, 268-276, 282-284, 292-296",time_manipulation
time_manipulation_buggy_16.sol,"52-60, 62-66, 68-70, 72-75, 77-79, 81-83, 85-87, 89, 95-103, 105, 115-119, 138-140, 148-156, 158-160, 163-167, 169-177, 179-182, 184-186, 189-192, 195-198, 213-215, 220-224, 230-233, 238-246, 262-270, 280-283, 288-296, 302-306, 321-325, 330-333, 339-342, 350-358, 375-379, 384-392, 399-403, 409-417, 426-428, 436-440, 447-451, 453, 455, 457",time_manipulation
time_manipulation_buggy_49.sol,"8-12, 15-23, 25-27, 29-33, 37, 44-46, 55, 57, 60-64, 75, 90",time_manipulation
time_manipulation_buggy_45.sol,"9-13, 15-19, 21-23, 25, 27, 29, 32, 34, 52-54, 56-60, 62-64, 67-69, 72-76, 79-82, 84-92, 94-102, 105-108, 110-118, 154-158, 165-169, 177-180, 187-190, 200-208, 218-222, 248-256, 261-265, 273-281, 286-288",time_manipulation
unchecked_low_level_calls_buggy_19.sol,"58-59, 68-69, 86-87, 93-94, 100-101, 107-108, 121-122, 131-132, 143-144, 150-151, 157-158, 164-165, 171-172, 178-179, 185-186, 192-193, 199-200, 206-207, 213-214, 220-221, 227-228, 234-235, 241-242, 248-249, 255-256, 262-263, 269-270, 276-277",unchecked_low_level_calls
unchecked_low_level_calls_buggy_18.sol,"63-64, 66-67, 69-70, 72-73, 75, 75-76, 76, 80-81, 95-96, 109-110, 116-117, 127-128, 136-137, 179-180, 208-209, 235-236, 258-259, 292-293, 299-300, 306-307, 312-313, 322-323, 330-331, 339-340, 349-350, 359-360, 384-385, 401-402, 425-426, 436-437, 451-452, 461-462, 471-472",unchecked_low_level_calls
unchecked_low_level_calls_buggy_9.sol,"55-56, 62-63, 75-76, 78-79, 81-82, 85-86, 88-89, 93-94, 96-97, 101-102, 106-107, 111-112, 146-147, 155-156, 166-167, 178-179, 190-191, 206-207, 222-223, 238-239, 254-255, 272-273, 288-289, 299-300",unchecked_low_level_calls
unchecked_low_level_calls_buggy_42.sol,"8-9, 11-12, 15-16, 22-23, 33-34, 72-73, 75-76, 78-79, 83-84, 86-87, 89-90, 92-93, 96-97, 99-100, 102-103, 105-106, 114-115, 124-125, 134-135, 147-148, 153-154, 159-160, 166-167, 172-173, 180-181",unchecked_low_level_calls
unchecked_low_level_calls_buggy_43.sol,"10-11, 19-20, 27-28, 30-31, 34-35, 45-46, 53-54, 62-63, 70-71, 78-79, 86-87, 92-93, 98-99, 104-105, 143-144, 168-169, 205-206, 209-210, 219-220, 227-228, 236-237, 259-260, 265-266, 271-272, 283-284, 312-313, 324-325, 334-335, 344-345",unchecked_low_level_calls
unchecked_low_level_calls_buggy_32.sol,"49-50, 52-53, 55-56, 58-59, 61-62, 72-73, 75-76, 78-79, 89-90, 103-104, 119-120, 132-133, 143-144, 149-150, 152-153, 162-163, 165-166, 168-169, 171-172, 181-182, 190-191",unchecked_low_level_calls
unchecked_low_level_calls_buggy_30.sol,"420-421, 444-445, 468-469, 492-493, 511-512, 523-524, 542-543, 564-565, 595-596, 598-599, 607-608, 618-619, 624-625, 630-631, 637-638, 644-645, 651-652, 654-655, 663-664, 674-675, 680-681, 686-687, 693-694, 700-701, 706-707, 711-712, 721-722, 728-729, 748-749, 756-757, 770-771, 777-778",unchecked_low_level_calls
unchecked_low_level_calls_buggy_36.sol,"14-15, 25-26, 31-32, 34-35, 43-44, 49-50, 56-57, 59-60, 62-63, 65-66, 68-69, 71-72, 74-75, 153-154, 156-157, 159-160, 162-163, 166-167, 170-171, 173-174, 176-177, 179-180, 182-183, 185-186, 228-229, 246-247, 273-274, 312-313, 336-337, 364-365, 393-394, 449-450",unchecked_low_level_calls
unchecked_low_level_calls_buggy_44.sol,"10-11, 19-20, 27-28, 30-31, 34-35, 45-46, 53-54, 62-63, 70-71, 78-79, 86-87, 92-93, 98-99, 104-105, 113-114, 116-117, 126-127, 133-134, 172-173, 197-198, 234-235, 257-258, 263-264, 269-270, 282-283, 317-318, 329-330, 339-340, 349-350, 359-360",unchecked_low_level_calls
unchecked_low_level_calls_buggy_50.sol,"10-11, 14-15, 18-19, 22-23, 32-33, 36-37, 40-41, 44-45, 62-63, 76-77, 85-86, 92-93, 101-102, 108-109, 115-116, 122-123, 130-131, 138-139, 149-150, 156-157, 163-164, 175-176, 196-197, 216-217, 223-224",unchecked_low_level_calls
unchecked_low_level_calls_buggy_8.sol,"8-9, 12-13, 24-25, 44-45, 51-52, 54-55, 57-58, 61-62, 66-67, 69-70, 74-75, 79-80, 84-85, 103-104, 126-127, 141-142, 159-160, 176-177, 197-198, 217-218, 227-228, 230-231, 234-235, 239-240, 249-250, 263-264, 275-276, 285-286, 295-296, 303-304, 314-315",unchecked_low_level_calls
unchecked_low_level_calls_buggy_24.sol,"239-240, 242-243, 245-246, 248-249, 251-252, 272-273, 284-285, 310-311, 322-323, 328-329, 343-344, 373-374, 407-408, 423-424, 434-435, 445-446, 456-457, 517-518, 540-541, 565-566, 576-577, 587-588, 599-600, 619-620, 626-627, 649-650, 672-673, 695-696, 748-749, 757-758, 796-797, 809-810",unchecked_low_level_calls
unchecked_low_level_calls_buggy_21.sol,"5-6, 8-9, 11-12, 14-15, 52-53, 56-57, 60-61, 64-65, 68-69, 99-100, 103-104, 107-108, 111-112, 115-116, 119-120, 123-124, 137-138, 147-148, 156-157, 169-170, 193-194, 213-214, 227-228, 376-377, 391-392, 398-399, 404-405",unchecked_low_level_calls
unchecked_low_level_calls_buggy_12.sol,"98-99, 101-102, 104-105, 107-108, 110-111, 113, 113-114, 114, 118-119, 126-127, 132-133, 135-136, 138, 138-139, 139, 177-178, 206-207, 212-213, 228-229, 246-247, 250-251, 259-260, 267-268, 274-275, 280-281, 286-287, 293-294, 299-300, 305-306, 310-311, 317-318, 332-333, 338-339, 347-348",unchecked_low_level_calls
unchecked_low_level_calls_buggy_7.sol,"9-10, 12-13, 15-16, 19-20, 22-23, 25-26, 28-29, 40-41, 47-48, 54-55, 79-80, 86-87, 93-94, 100-101, 107-108, 114-115, 121-122, 130-131, 139-140, 147-148, 155-156, 161-162, 164-165, 168-169, 171-172, 174-175, 182-183, 189-190, 201-202, 217-218, 229-230",unchecked_low_level_calls
unchecked_low_level_calls_buggy_28.sol,"54-55, 57-58, 60-61, 69-70, 75-76, 81-82, 87-88, 94-95, 97-98, 101-102, 104-105, 107-108, 110-111, 113-114, 120-121, 126-127, 132-133, 138-139, 146-147, 165-166, 173-174, 182-183, 205-206, 214-215, 223-224, 231-232, 237-238, 247-248, 255-256",unchecked_low_level_calls
unchecked_low_level_calls_buggy_3.sol,"8-9, 11-12, 14-15, 18-19, 21-22, 24-25, 27-28, 30-31, 34-35, 37-38, 42-43, 66-67, 89-90, 115-116, 125-126, 134-135, 140-141, 152-153, 160-161, 169-170, 176-177",unchecked_low_level_calls
unchecked_low_level_calls_buggy_11.sol,"29-30, 32-33, 35-36, 38-39, 41-42, 44-45, 47-48, 50-51, 58-59, 64-65, 67-68, 71-72, 78-79, 89-90, 97-98, 105-106, 108-109, 111-112, 114-115, 119-120, 122-123, 139-140, 149-150, 159-160, 174-175, 191-192, 211-212, 222-223, 237-238, 247-248, 257-258",unchecked_low_level_calls
unchecked_low_level_calls_buggy_5.sol,"8-9, 12-13, 24-25, 44-45, 51-52, 54-55, 57-58, 61-62, 66-67, 69-70, 74-75, 79-80, 84-85, 103-104, 126-127, 141-142, 159-160, 176-177, 197-198, 217-218, 227-228, 230-231, 234-235, 239-240, 249-250, 263-264, 275-276, 285-286, 295-296, 303-304, 314-315",unchecked_low_level_calls
unchecked_low_level_calls_buggy_40.sol,"216-217, 220-221, 224-225, 234-235, 243-244, 258-259, 267-268, 281-282, 301-302, 320-321, 341-342, 366-367, 385-386, 406-407, 429-430, 442-443, 450-451, 453-454, 456-457, 470-471, 479-480, 489-490, 507-508, 515-516",unchecked_low_level_calls
unchecked_low_level_calls_buggy_34.sol,"11-12, 18-19, 29-30, 135-136, 140-141, 143-144, 146-147, 150-151, 153-154, 156-157, 174-175, 186-187, 218-219, 228-229, 238-239, 256-257, 270-271, 278-279, 301-302, 312-313, 321-322, 328-329, 343-344, 352-353, 362-363, 376-377, 396-397, 415-416, 436-437, 475-476, 498-499, 511-512",unchecked_low_level_calls
unchecked_low_level_calls_buggy_1.sol,"22-23, 30-31, 39-40, 47-48, 54-55, 58-59, 61-62, 68-69, 71-72, 80-81, 83-84, 86-87, 97-98, 107-108, 121-122, 127-128, 135-136, 141-142",unchecked_low_level_calls
unchecked_low_level_calls_buggy_20.sol,"32-33, 36-37, 43-44, 55-56, 66-67, 70-71, 84-85, 118-119, 129-130, 154-155, 157-158, 160-161, 163-164, 172-173, 175-176, 178-179, 199-200, 203-204, 208-209, 214-215, 225-226, 235-236, 255-256, 272-273, 282-283, 319-320, 334-335, 340-341, 350-351, 359-360, 371-372",unchecked_low_level_calls
unchecked_low_level_calls_buggy_37.sol,"30-31, 36-37, 42-43, 48-49, 59-60, 62-63, 65-66, 68-69, 71-72, 74-75, 77-78, 80-81, 93-94, 105-106, 112-113, 123-124, 131-132, 142-143, 145-146, 148-149, 152-153, 155-156, 171-172, 181-182, 191-192, 206-207, 223-224, 243-244, 254-255, 269-270, 279-280, 289-290",unchecked_low_level_calls
unchecked_low_level_calls_buggy_29.sol,"17-18, 23-24, 26-27, 149-150, 155-156, 161-162, 167-168, 173-174, 179-180, 232-233, 235-236, 238-239, 265-266, 298-299, 315-316, 327-328, 335-336, 343-344, 352-353",unchecked_low_level_calls
unchecked_low_level_calls_buggy_13.sol,"13-14, 16-17, 19-20, 23-24, 28-29, 31-32, 36-37, 41-42, 46-47, 65-66, 88-89, 103-104, 121-122, 138-139, 159-160, 176-177, 196-197",unchecked_low_level_calls
unchecked_low_level_calls_buggy_35.sol,"140-141, 147-148, 159-160, 169-170, 184-185, 187-188, 190-191, 194-195, 197-198, 200-201, 204-205, 207-208, 210-211, 213-214, 216-217, 219-220, 228-229, 242-243, 253-254, 266-267, 273-274, 280-281, 294-295, 301-302, 311-312, 321-322, 332-333, 338-339, 346-347, 373-374, 384-385, 405-406",unchecked_low_level_calls
unchecked_low_level_calls_buggy_14.sol,"72-73, 75-76, 81-82, 84-85, 92-93, 98-99, 105-106, 113-114, 120-121, 126-127, 132-133, 141-142, 152-153, 162-163, 172-173, 179-180, 188-189, 197-198, 206-207, 215-216, 220-221, 231-232",unchecked_low_level_calls
unchecked_low_level_calls_buggy_23.sol,"120-121, 124-125, 128-129, 138-139, 149-150, 161-162, 173-174, 189-190, 205-206, 222-223, 239-240, 255-256, 272-273, 288-289, 304-305, 319-320, 340-341, 351-352, 367-368, 370-371, 373-374, 382-383, 391-392, 400-401, 409-410, 424-425",unchecked_low_level_calls
unchecked_low_level_calls_buggy_10.sol,"8-9, 11-12, 20-21, 23-24, 34-35, 44-45, 51-52, 57-58",unchecked_low_level_calls
unchecked_low_level_calls_buggy_39.sol,"8-9, 12-13, 15-16, 18-19, 23-24, 31-32, 41-42, 44-45, 48-49, 60-61, 76-77",unchecked_low_level_calls
unchecked_low_level_calls_buggy_33.sol,"8-9, 11-12, 15-16, 22-23, 33-34, 72-73, 75-76, 78-79, 83-84, 86-87, 89-90, 92-93, 96-97, 99-100, 102-103, 105-106, 114-115, 124-125, 135-136, 148-149, 154-155, 160-161, 167-168, 173-174, 181-182",unchecked_low_level_calls
unchecked_low_level_calls_buggy_41.sol,"17-18, 20-21, 23-24, 27-28, 32-33, 35-36, 40-41, 45-46, 50-51, 69-70, 92-93, 107-108, 125-126, 142-143, 163-164, 180-181, 200-201",unchecked_low_level_calls
unchecked_low_level_calls_buggy_6.sol,"9-10, 12-13, 15-16, 19-20, 22-23, 25-26, 28-29, 40-41, 47-48, 54-55, 79-80, 86-87, 93-94, 100-101, 107-108, 114-115, 121-122, 130-131, 139-140, 147-148, 155-156, 161-162, 165-166, 168-169, 171-172, 179-180, 186-187, 197-198, 212-213, 223-224",unchecked_low_level_calls
unchecked_low_level_calls_buggy_48.sol,"48-49, 51-52, 54-55, 57-58, 60-61, 63-64, 66-67, 69-70, 82-83, 91-92, 94-95, 98-99, 105-106, 116-117, 124-125, 136-137, 139-140, 142-143, 145-146, 149-150, 152-153, 168-169, 178-179, 188-189, 203-204, 212-213, 225-226, 242-243, 262-263, 273-274, 288-289, 298-299",unchecked_low_level_calls
unchecked_low_level_calls_buggy_22.sol,"14-15, 25-26, 31-32, 34-35, 43-44, 49-50, 56-57, 59-60, 62-63, 65-66, 68-69, 71-72, 74-75, 153-154, 156-157, 159-160, 162-163, 166-167, 170-171, 173-174, 176-177, 179-180, 182-183, 185-186, 228-229, 246-247, 273-274, 312-313, 336-337, 364-365, 393-394, 449-450",unchecked_low_level_calls
unchecked_low_level_calls_buggy_46.sol,"21-22, 45-46, 69-70, 84-85, 96-97, 118-119, 139-140",unchecked_low_level_calls
unchecked_low_level_calls_buggy_38.sol,"54-55, 57-58, 60-61, 69-70, 75-76, 81-82, 87-88, 94-95, 97-98, 101-102, 104-105, 107-108, 110-111, 113-114, 120-121, 126-127, 132-133, 138-139, 146-147, 165-166, 173-174, 182-183, 205-206, 214-215, 223-224, 231-232, 237-238, 247-248, 255-256",unchecked_low_level_calls
unchecked_low_level_calls_buggy_17.sol,"49-50, 56-57, 67-68, 78-79, 81-82, 84-85, 87-88, 91-92, 94-95, 98-99, 102-103, 106-107, 116-117, 125-126, 132-133, 141-142, 150-151, 161-162, 173-174, 176-177, 179-180, 183-184, 186-187, 197-198, 219-220, 229-230, 241-242, 251-252, 261-262, 267-268",unchecked_low_level_calls
unchecked_low_level_calls_buggy_4.sol,"29-30, 32-33, 35-36, 39-40, 42-43, 45-46, 49-50, 52-53, 56-57, 59-60, 62-63, 65-66, 95-96, 101-102, 107-108, 133-134, 145-146, 155-156",unchecked_low_level_calls
unchecked_low_level_calls_buggy_27.sol,"54-55, 62-63, 77-78, 94-95, 100-101, 106-107, 112-113, 129-130, 132-133, 135-136, 138-139, 149-150, 155-156, 161-162, 167-168, 175-176, 182-183, 241-242, 249-250, 258-259, 316-317, 325-326, 334-335, 342-343, 348-349, 358-359, 366-367, 374-375, 381-382, 388-389, 395-396, 402-403",unchecked_low_level_calls
unchecked_low_level_calls_buggy_2.sol,"8-9, 11-12, 14-15, 18-19, 21-22, 24-25, 27-28, 30-31, 33-34, 36-37, 41-42, 65-66, 88-89, 114-115, 124-125, 133-134, 145-146, 153-154, 162-163, 169-170",unchecked_low_level_calls
unchecked_low_level_calls_buggy_47.sol,"13-14, 16-17, 19-20, 24-25, 27-28, 30-31, 61-62, 68-69, 81-82, 97-98, 103-104, 109-110, 121-122, 132-133, 137-138, 142-143, 146-147, 150-151, 156-157, 159-160, 164-165, 174-175, 185-186, 192-193, 199-200, 208-209, 224-225, 255-256, 262-263, 273-274, 281-282, 288-289",unchecked_low_level_calls
unchecked_low_level_calls_buggy_31.sol,"95-96, 99-100, 110-111, 119-120, 136-137, 146-147, 157-158, 175-176, 184-185, 204-205, 207-208, 211-212, 219-220, 241-242, 249-250",unchecked_low_level_calls
unchecked_low_level_calls_buggy_15.sol,"13-14, 16-17, 19-20, 23-24, 28-29, 31-32, 36-37, 41-42, 46-47, 65-66, 88-89, 103-104, 121-122, 138-139, 159-160, 176-177, 196-197",unchecked_low_level_calls
unchecked_low_level_calls_buggy_26.sol,"63-64, 66-67, 69-70, 72-73, 75-76, 78-79, 88, 88-89, 89, 94-95, 101-102, 107-108, 112-113, 118-119, 124-125, 131-132, 137-138, 144-145, 152-153, 159-160, 166-167, 177-178, 186-187, 191-192",unchecked_low_level_calls
unchecked_low_level_calls_buggy_25.sol,"13-14, 35-36, 47-48, 52-53, 55-56, 58-59, 61-62, 64-65, 67-68, 70-71, 78-79, 85-86, 100-101, 118-119, 160-161, 196-197, 209-210, 216-217, 223-224, 230-231, 239-240",unchecked_low_level_calls
unchecked_low_level_calls_buggy_16.sol,"53-54, 56-57, 59-60, 62-63, 65-66, 68-69, 71-72, 79-80, 90-91, 110-111, 143-144, 149-150, 156-157, 162-163, 179-180, 190-191, 196-197, 203-204, 219-220, 225-226, 232-233, 241-242, 259-260, 265-266, 273-274, 280-281, 290-291, 299-300, 307-308, 310-311, 313-314, 316-317",unchecked_low_level_calls
unchecked_low_level_calls_buggy_49.sol,"8-9, 12-13, 15-16, 18-19, 23-24, 31-32, 41-42, 44-45, 48-49, 60-61, 76-77",unchecked_low_level_calls
unchecked_low_level_calls_buggy_45.sol,"9-10, 12-13, 15-16, 18-19, 21-22, 24-25, 28-29, 31-32, 50-51, 53-54, 56-57, 60-61, 64-65, 68-69, 71-72, 74-75, 78-79, 81-82, 118-119, 126-127, 135-136, 143-144, 154-155, 165-166, 192-193, 198-199, 207-208, 213-214",unchecked_low_level_calls
